linux_path	wine_path	instruments	encoded	presets	samples	nonkontakt	files
/mnt/workspace/PROGRAMS/VST, Samples & DAW/Ableton Live Suite v10.1.15/Crack/Keygen by R2R	D:\PROGRAMS\VST, Samples & DAW\Ableton Live Suite v10.1.15\Crack\Keygen by R2R	0	0	0	0	0	1
/mnt/workspace/PROGRAMS/VST, Samples & DAW/ADPTR.MetricAB.v1.2.0.Incl.Patched.and.Keygen-R2R/R2R/tmp	D:\PROGRAMS\VST, Samples & DAW\ADPTR.MetricAB.v1.2.0.Incl.Patched.and.Keygen-R2R\R2R\tmp	0	0	0	0	0	0
/mnt/workspace/PROGRAMS/VST, Samples & DAW/Audio Masters - Complex Pop Tools/AiFF/Construction_Kits	D:\PROGRAMS\VST, Samples & DAW\Audio Masters - Complex Pop Tools\AiFF\Construction_Kits	0	0	0	266	0	335
/mnt/workspace/PROGRAMS/VST, Samples & DAW/Audio Masters - Complex Pop Tools/AiFF/Drum_Loops	D:\PROGRAMS\VST, Samples & DAW\Audio Masters - Complex Pop Tools\AiFF\Drum_Loops	0	0	0	157	0	157
/mnt/workspace/PROGRAMS/VST, Samples & DAW/Audio Masters - Complex Pop Tools/AiFF/Synth_Loops	D:\PROGRAMS\VST, Samples & DAW\Audio Masters - Complex Pop Tools\AiFF\Synth_Loops	0	0	0	112	0	112
/mnt/workspace/PROGRAMS/VST, Samples & DAW/Audio Masters - Complex Pop Tools/WAV/Construction_Kits	D:\PROGRAMS\VST, Samples & DAW\Audio Masters - Complex Pop Tools\WAV\Construction_Kits	0	0	0	266	0	335
/mnt/workspace/PROGRAMS/VST, Samples & DAW/Audio Masters - Complex Pop Tools/WAV/Drums	D:\PROGRAMS\VST, Samples & DAW\Audio Masters - Complex Pop Tools\WAV\Drums	0	0	0	157	0	157
/mnt/workspace/PROGRAMS/VST, Samples & DAW/Audio Masters - Complex Pop Tools/WAV/Synth_Loops	D:\PROGRAMS\VST, Samples & DAW\Audio Masters - Complex Pop Tools\WAV\Synth_Loops	0	0	0	112	0	112
/mnt/workspace/PROGRAMS/VST, Samples & DAW/Audiority Plugins Bundle 2021.10-RET/Audiority.Deleight.v1.2.0.WIN.OSX.Regged-RET/MAC	D:\PROGRAMS\VST, Samples & DAW\Audiority Plugins Bundle 2021.10-RET\Audiority.Deleight.v1.2.0.WIN.OSX.Regged-RET\MAC	0	0	0	0	0	1
/mnt/workspace/PROGRAMS/VST, Samples & DAW/Audiority Plugins Bundle 2021.10-RET/Audiority.Deleight.v1.2.0.WIN.OSX.Regged-RET/RET.WIN.MAC	D:\PROGRAMS\VST, Samples & DAW\Audiority Plugins Bundle 2021.10-RET\Audiority.Deleight.v1.2.0.WIN.OSX.Regged-RET\RET.WIN.MAC	0	0	0	0	0	1
/mnt/workspace/PROGRAMS/VST, Samples & DAW/Audiority Plugins Bundle 2021.10-RET/Audiority.Distortion.1.mkII.v2.0.1.WIN.OSX.Regged-RET/MAC	D:\PROGRAMS\VST, Samples & DAW\Audiority Plugins Bundle 2021.10-RET\Audiority.Distortion.1.mkII.v2.0.1.WIN.OSX.Regged-RET\MAC	0	0	0	0	0	1
/mnt/workspace/PROGRAMS/VST, Samples & DAW/Audiority Plugins Bundle 2021.10-RET/Audiority.Distortion.1.mkII.v2.0.1.WIN.OSX.Regged-RET/RET.WIN.MAC	D:\PROGRAMS\VST, Samples & DAW\Audiority Plugins Bundle 2021.10-RET\Audiority.Distortion.1.mkII.v2.0.1.WIN.OSX.Regged-RET\RET.WIN.MAC	0	0	0	0	0	1
/mnt/workspace/PROGRAMS/VST, Samples & DAW/Audiority Plugins Bundle 2021.10-RET/Audiority.GrainSpace.v2.3.0.WIN.OSX.Regged-RET/MAC	D:\PROGRAMS\VST, Samples & DAW\Audiority Plugins Bundle 2021.10-RET\Audiority.GrainSpace.v2.3.0.WIN.OSX.Regged-RET\MAC	0	0	0	0	0	1
/mnt/workspace/PROGRAMS/VST, Samples & DAW/Audiority Plugins Bundle 2021.10-RET/Audiority.GrainSpace.v2.3.0.WIN.OSX.Regged-RET/RET.WIN.MAC	D:\PROGRAMS\VST, Samples & DAW\Audiority Plugins Bundle 2021.10-RET\Audiority.GrainSpace.v2.3.0.WIN.OSX.Regged-RET\RET.WIN.MAC	0	0	0	0	0	1
/mnt/workspace/PROGRAMS/VST, Samples & DAW/Audiority Plugins Bundle 2021.10-RET/Audiority.Harmonic.Maximizer.v1.2.0.WIN.OSX.Regged-RET/MAC	D:\PROGRAMS\VST, Samples & DAW\Audiority Plugins Bundle 2021.10-RET\Audiority.Harmonic.Maximizer.v1.2.0.WIN.OSX.Regged-RET\MAC	0	0	0	0	0	1
/mnt/workspace/PROGRAMS/VST, Samples & DAW/Audiority Plugins Bundle 2021.10-RET/Audiority.Harmonic.Maximizer.v1.2.0.WIN.OSX.Regged-RET/RET.WIN.MAC	D:\PROGRAMS\VST, Samples & DAW\Audiority Plugins Bundle 2021.10-RET\Audiority.Harmonic.Maximizer.v1.2.0.WIN.OSX.Regged-RET\RET.WIN.MAC	0	0	0	0	0	1
/mnt/workspace/PROGRAMS/VST, Samples & DAW/Audiority Plugins Bundle 2021.10-RET/Audiority.Side.Filter.v1.3.0.WIN.OSX.Regged-RET/MAC	D:\PROGRAMS\VST, Samples & DAW\Audiority Plugins Bundle 2021.10-RET\Audiority.Side.Filter.v1.3.0.WIN.OSX.Regged-RET\MAC	0	0	0	0	0	1
/mnt/workspace/PROGRAMS/VST, Samples & DAW/Audiority Plugins Bundle 2021.10-RET/Audiority.Side.Filter.v1.3.0.WIN.OSX.Regged-RET/RET.WIN.MAC	D:\PROGRAMS\VST, Samples & DAW\Audiority Plugins Bundle 2021.10-RET\Audiority.Side.Filter.v1.3.0.WIN.OSX.Regged-RET\RET.WIN.MAC	0	0	0	0	0	1
/mnt/workspace/PROGRAMS/VST, Samples & DAW/Audiority Plugins Bundle 2021.10-RET/Audiority.TS-1.Transient.Shaper.v1.3.1.WIN.OSX.Regged-RET/MAC	D:\PROGRAMS\VST, Samples & DAW\Audiority Plugins Bundle 2021.10-RET\Audiority.TS-1.Transient.Shaper.v1.3.1.WIN.OSX.Regged-RET\MAC	0	0	0	0	0	1
/mnt/workspace/PROGRAMS/VST, Samples & DAW/Audiority Plugins Bundle 2021.10-RET/Audiority.TS-1.Transient.Shaper.v1.3.1.WIN.OSX.Regged-RET/RET.WIN.MAC	D:\PROGRAMS\VST, Samples & DAW\Audiority Plugins Bundle 2021.10-RET\Audiority.TS-1.Transient.Shaper.v1.3.1.WIN.OSX.Regged-RET\RET.WIN.MAC	0	0	0	0	0	1
/mnt/workspace/PROGRAMS/VST, Samples & DAW/Audiority Plugins Bundle 2021.10-RET/Audiority.Tube.Modulator.v1.3.2.WIN.OSX.Regged-RET/MAC	D:\PROGRAMS\VST, Samples & DAW\Audiority Plugins Bundle 2021.10-RET\Audiority.Tube.Modulator.v1.3.2.WIN.OSX.Regged-RET\MAC	0	0	0	0	0	1
/mnt/workspace/PROGRAMS/VST, Samples & DAW/Audiority Plugins Bundle 2021.10-RET/Audiority.Tube.Modulator.v1.3.2.WIN.OSX.Regged-RET/RET.WIN.MAC	D:\PROGRAMS\VST, Samples & DAW\Audiority Plugins Bundle 2021.10-RET\Audiority.Tube.Modulator.v1.3.2.WIN.OSX.Regged-RET\RET.WIN.MAC	0	0	0	0	0	1
/mnt/workspace/PROGRAMS/VST, Samples & DAW/Audiority Plugins Bundle 2021.10-RET/Audiority.XenoVerb.v1.2.1.WIN.OSX.Regged-RET/MAC	D:\PROGRAMS\VST, Samples & DAW\Audiority Plugins Bundle 2021.10-RET\Audiority.XenoVerb.v1.2.1.WIN.OSX.Regged-RET\MAC	0	0	0	0	0	1
/mnt/workspace/PROGRAMS/VST, Samples & DAW/Audiority Plugins Bundle 2021.10-RET/Audiority.XenoVerb.v1.2.1.WIN.OSX.Regged-RET/RET.WIN.MAC	D:\PROGRAMS\VST, Samples & DAW\Audiority Plugins Bundle 2021.10-RET\Audiority.XenoVerb.v1.2.1.WIN.OSX.Regged-RET\RET.WIN.MAC	0	0	0	0	0	1
/mnt/workspace/PROGRAMS/VST, Samples & DAW/Bitwig 3.3.1/Linux/patch	D:\PROGRAMS\VST, Samples & DAW\Bitwig 3.3.1\Linux\patch	0	0	0	0	0	1
/mnt/workspace/PROGRAMS/VST, Samples & DAW/Bitwig 3.3.1/MacOS/patch	D:\PROGRAMS\VST, Samples & DAW\Bitwig 3.3.1\MacOS\patch	0	0	0	0	0	1
/mnt/workspace/PROGRAMS/VST, Samples & DAW/Bitwig 3.3.1/Windows/patch	D:\PROGRAMS\VST, Samples & DAW\Bitwig 3.3.1\Windows\patch	0	0	0	0	0	1
/mnt/workspace/PROGRAMS/VST, Samples & DAW/BLEASS Plugins Set 2021.10-FLARE/BLEASS.Chorus.v1.2.0-FLARE/MacOSX	D:\PROGRAMS\VST, Samples & DAW\BLEASS Plugins Set 2021.10-FLARE\BLEASS.Chorus.v1.2.0-FLARE\MacOSX	0	0	0	0	0	13
/mnt/workspace/PROGRAMS/VST, Samples & DAW/BLEASS Plugins Set 2021.10-FLARE/BLEASS.Delay.v1.2.0-FLARE/MacOSX	D:\PROGRAMS\VST, Samples & DAW\BLEASS Plugins Set 2021.10-FLARE\BLEASS.Delay.v1.2.0-FLARE\MacOSX	0	0	0	0	0	13
/mnt/workspace/PROGRAMS/VST, Samples & DAW/BLEASS Plugins Set 2021.10-FLARE/BLEASS.Dragonfly.v1.0.4-FLARE/MacOSX	D:\PROGRAMS\VST, Samples & DAW\BLEASS Plugins Set 2021.10-FLARE\BLEASS.Dragonfly.v1.0.4-FLARE\MacOSX	0	0	0	0	0	13
/mnt/workspace/PROGRAMS/VST, Samples & DAW/BLEASS Plugins Set 2021.10-FLARE/BLEASS.Flanger.v1.0.2-FLARE/MacOSX	D:\PROGRAMS\VST, Samples & DAW\BLEASS Plugins Set 2021.10-FLARE\BLEASS.Flanger.v1.0.2-FLARE\MacOSX	0	0	0	0	0	15
/mnt/workspace/PROGRAMS/VST, Samples & DAW/BLEASS Plugins Set 2021.10-FLARE/BLEASS.Granulizer.v1.0.2-FLARE/MAC	D:\PROGRAMS\VST, Samples & DAW\BLEASS Plugins Set 2021.10-FLARE\BLEASS.Granulizer.v1.0.2-FLARE\MAC	0	0	0	0	0	13
/mnt/workspace/PROGRAMS/VST, Samples & DAW/BLEASS Plugins Set 2021.10-FLARE/BLEASS.Motion.FX.v1.0.3-FLARE/MacOSX	D:\PROGRAMS\VST, Samples & DAW\BLEASS Plugins Set 2021.10-FLARE\BLEASS.Motion.FX.v1.0.3-FLARE\MacOSX	0	0	0	0	0	13
/mnt/workspace/PROGRAMS/VST, Samples & DAW/BLEASS Plugins Set 2021.10-FLARE/BLEASS.Phaser.v1.0.2-FLARE/MacOSX	D:\PROGRAMS\VST, Samples & DAW\BLEASS Plugins Set 2021.10-FLARE\BLEASS.Phaser.v1.0.2-FLARE\MacOSX	0	0	0	0	0	13
/mnt/workspace/PROGRAMS/VST, Samples & DAW/BLEASS Plugins Set 2021.10-FLARE/BLEASS.Reverb.v1.2.0-FLARE/MacOSX	D:\PROGRAMS\VST, Samples & DAW\BLEASS Plugins Set 2021.10-FLARE\BLEASS.Reverb.v1.2.0-FLARE\MacOSX	0	0	0	0	0	13
/mnt/workspace/PROGRAMS/VST, Samples & DAW/BLEASS Plugins Set 2021.10-FLARE/BLEASS.Saturator.v1.0.1-FLARE/MacOSX	D:\PROGRAMS\VST, Samples & DAW\BLEASS Plugins Set 2021.10-FLARE\BLEASS.Saturator.v1.0.1-FLARE\MacOSX	0	0	0	0	0	13
/mnt/workspace/PROGRAMS/VST, Samples & DAW/BLEASS Plugins Set 2021.10-FLARE/BLEASS.Shimmer.v1.3.0-FLARE/MacOSX	D:\PROGRAMS\VST, Samples & DAW\BLEASS Plugins Set 2021.10-FLARE\BLEASS.Shimmer.v1.3.0-FLARE\MacOSX	0	0	0	0	0	13
/mnt/workspace/PROGRAMS/VST, Samples & DAW/BLEASS Plugins Set 2021.10-FLARE/BLEASS.Slow.Machine.v1.0.3-FLARE/MacOSX	D:\PROGRAMS\VST, Samples & DAW\BLEASS Plugins Set 2021.10-FLARE\BLEASS.Slow.Machine.v1.0.3-FLARE\MacOSX	0	0	0	0	0	13
/mnt/workspace/PROGRAMS/VST, Samples & DAW/Cymatics - Ultimate Drums Collection Bundle/Cymatics - Percussive Toolkit Vol 1/Fills	D:\PROGRAMS\VST, Samples & DAW\Cymatics - Ultimate Drums Collection Bundle\Cymatics - Percussive Toolkit Vol 1\Fills	0	0	0	75	0	75
/mnt/workspace/PROGRAMS/VST, Samples & DAW/Cymatics - Ultimate Drums Collection Bundle/Cymatics - Percussive Toolkit Vol 1/Loops	D:\PROGRAMS\VST, Samples & DAW\Cymatics - Ultimate Drums Collection Bundle\Cymatics - Percussive Toolkit Vol 1\Loops	0	0	0	75	0	75
/mnt/workspace/PROGRAMS/VST, Samples & DAW/Cymatics - Ultimate Drums Collection Bundle/Cymatics - Percussive Toolkit Vol 1/One Shots	D:\PROGRAMS\VST, Samples & DAW\Cymatics - Ultimate Drums Collection Bundle\Cymatics - Percussive Toolkit Vol 1\One Shots	0	0	0	25	0	25
/mnt/workspace/PROGRAMS/VST, Samples & DAW/Cymatics - Ultimate Drums Collection Bundle/Cymatics - Ultimate Fill Toolkit Vol 1/Drum Fills	D:\PROGRAMS\VST, Samples & DAW\Cymatics - Ultimate Drums Collection Bundle\Cymatics - Ultimate Fill Toolkit Vol 1\Drum Fills	0	0	0	25	0	25
/mnt/workspace/PROGRAMS/VST, Samples & DAW/Cymatics - Ultimate Drums Collection Bundle/Cymatics - Ultimate Fill Toolkit Vol 1/Synth Fills	D:\PROGRAMS\VST, Samples & DAW\Cymatics - Ultimate Drums Collection Bundle\Cymatics - Ultimate Fill Toolkit Vol 1\Synth Fills	0	0	0	25	0	25
/mnt/workspace/PROGRAMS/VST, Samples & DAW/Drumforge I Ultimate [KONTAKT-TRiGGER-DRUMAGOG]/DRUMAGOG/Drumforge.I.Ultimate.DRUMAGOG-SYNTHiC4TE	D:\PROGRAMS\VST, Samples & DAW\Drumforge I Ultimate [KONTAKT-TRiGGER-DRUMAGOG]\DRUMAGOG\Drumforge.I.Ultimate.DRUMAGOG-SYNTHiC4TE	0	0	0	0	0	237
/mnt/workspace/PROGRAMS/VST, Samples & DAW/Drumforge I Ultimate [KONTAKT-TRiGGER-DRUMAGOG]/TRiGGER/Drumforge.I.Ultimate.TRiGGER-SYNTHiC4TE	D:\PROGRAMS\VST, Samples & DAW\Drumforge I Ultimate [KONTAKT-TRiGGER-DRUMAGOG]\TRiGGER\Drumforge.I.Ultimate.TRiGGER-SYNTHiC4TE	0	0	0	0	0	583
/mnt/workspace/PROGRAMS/VST, Samples & DAW/EZDrummer 2/EZdrummer 2 Update 2.0.2/Toontrack.EZdrummer.2.Core.Library.v1.0.2.Update.WIN.OSX-R2R	D:\PROGRAMS\VST, Samples & DAW\EZDrummer 2\EZdrummer 2 Update 2.0.2\Toontrack.EZdrummer.2.Core.Library.v1.0.2.Update.WIN.OSX-R2R	0	0	0	0	0	174
/mnt/workspace/PROGRAMS/VST, Samples & DAW/EZDrummer 2/EZdrummer 2 Update 2.0.2/Toontrack.EZdrummer.2.v2.0.2.Update.Incl.Patch.and.Keygen-R2R	D:\PROGRAMS\VST, Samples & DAW\EZDrummer 2\EZdrummer 2 Update 2.0.2\Toontrack.EZdrummer.2.v2.0.2.Update.Incl.Patch.and.Keygen-R2R	0	0	0	0	0	6
/mnt/workspace/PROGRAMS/VST, Samples & DAW/EZDrummer 2/Patched VST DLLs Only-TVB 2.0.2/RTAS	D:\PROGRAMS\VST, Samples & DAW\EZDrummer 2\Patched VST DLLs Only-TVB 2.0.2\RTAS	0	0	0	0	0	1
/mnt/workspace/PROGRAMS/VST, Samples & DAW/FROM TIXATI DL/Cockos REAPER v7.15/R2R	D:\PROGRAMS\VST, Samples & DAW\FROM TIXATI DL\Cockos REAPER v7.15\R2R	0	0	0	0	0	2
/mnt/workspace/PROGRAMS/VST, Samples & DAW/FROM TIXATI DL/Cockos REAPER v7.15/SKiN	D:\PROGRAMS\VST, Samples & DAW\FROM TIXATI DL\Cockos REAPER v7.15\SKiN	0	0	0	0	0	6
/mnt/workspace/PROGRAMS/VST, Samples & DAW/FROM TIXATI DL/EZX/EZX2_KickSnares	D:\PROGRAMS\VST, Samples & DAW\FROM TIXATI DL\EZX\EZX2_KickSnares	0	0	0	0	0	74
/mnt/workspace/PROGRAMS/VST, Samples & DAW/FROM TIXATI DL/EZX/Midi	D:\PROGRAMS\VST, Samples & DAW\FROM TIXATI DL\EZX\Midi	0	0	0	0	0	60
/mnt/workspace/PROGRAMS/VST, Samples & DAW/FROM TIXATI DL/EZX ALT-ROCK/EZX2_Alt-Rock	D:\PROGRAMS\VST, Samples & DAW\FROM TIXATI DL\EZX ALT-ROCK\EZX2_Alt-Rock	0	0	0	0	0	93
/mnt/workspace/PROGRAMS/VST, Samples & DAW/FROM TIXATI DL/EZX ALT-ROCK/Midi	D:\PROGRAMS\VST, Samples & DAW\FROM TIXATI DL\EZX ALT-ROCK\Midi	0	0	0	0	0	2
/mnt/workspace/PROGRAMS/VST, Samples & DAW/FROM TIXATI DL/EZX.Electronic.Edge.Expansion/MAC	D:\PROGRAMS\VST, Samples & DAW\FROM TIXATI DL\EZX.Electronic.Edge.Expansion\MAC	0	0	0	0	0	1
/mnt/workspace/PROGRAMS/VST, Samples & DAW/FROM TIXATI DL/EZX2 Dreampop/Contents	D:\PROGRAMS\VST, Samples & DAW\FROM TIXATI DL\EZX2 Dreampop\Contents	0	0	0	0	0	430
/mnt/workspace/PROGRAMS/VST, Samples & DAW/FROM TIXATI DL/EZX2 Dreampop/Installer.app	D:\PROGRAMS\VST, Samples & DAW\FROM TIXATI DL\EZX2 Dreampop\Installer.app	0	0	0	0	0	6
/mnt/workspace/PROGRAMS/VST, Samples & DAW/FROM TIXATI DL/EZX2 Dreampop/R2R	D:\PROGRAMS\VST, Samples & DAW\FROM TIXATI DL\EZX2 Dreampop\R2R	0	0	0	0	0	2
/mnt/workspace/PROGRAMS/VST, Samples & DAW/FROM TIXATI DL/EZX2 Dreampop/Uninstaller.app	D:\PROGRAMS\VST, Samples & DAW\FROM TIXATI DL\EZX2 Dreampop\Uninstaller.app	0	0	0	0	0	6
/mnt/workspace/PROGRAMS/VST, Samples & DAW/FROM TIXATI DL/EZX2_DrumsOfDestruction/GraphicsV2	D:\PROGRAMS\VST, Samples & DAW\FROM TIXATI DL\EZX2_DrumsOfDestruction\GraphicsV2	0	0	0	0	0	122
/mnt/workspace/PROGRAMS/VST, Samples & DAW/FROM TIXATI DL/EZX2_DrumsOfDestruction/GraphicsV3	D:\PROGRAMS\VST, Samples & DAW\FROM TIXATI DL\EZX2_DrumsOfDestruction\GraphicsV3	0	0	0	0	0	2
/mnt/workspace/PROGRAMS/VST, Samples & DAW/FROM TIXATI DL/EZX2_DrumsOfDestruction/Midi	D:\PROGRAMS\VST, Samples & DAW\FROM TIXATI DL\EZX2_DrumsOfDestruction\Midi	0	0	0	0	0	118
/mnt/workspace/PROGRAMS/VST, Samples & DAW/FROM TIXATI DL/EZX2_DrumsOfDestruction/Sounds	D:\PROGRAMS\VST, Samples & DAW\FROM TIXATI DL\EZX2_DrumsOfDestruction\Sounds	0	0	0	0	0	3
/mnt/workspace/PROGRAMS/VST, Samples & DAW/FROM TIXATI DL/EZX_HipHop/Contents	D:\PROGRAMS\VST, Samples & DAW\FROM TIXATI DL\EZX_HipHop\Contents	0	0	0	0	0	404
/mnt/workspace/PROGRAMS/VST, Samples & DAW/FROM TIXATI DL/EZX_HipHop/Installer.app	D:\PROGRAMS\VST, Samples & DAW\FROM TIXATI DL\EZX_HipHop\Installer.app	0	0	0	0	0	6
/mnt/workspace/PROGRAMS/VST, Samples & DAW/FROM TIXATI DL/EZX_HipHop/R2R	D:\PROGRAMS\VST, Samples & DAW\FROM TIXATI DL\EZX_HipHop\R2R	0	0	0	0	0	2
/mnt/workspace/PROGRAMS/VST, Samples & DAW/FROM TIXATI DL/EZX_HipHop/Uninstaller.app	D:\PROGRAMS\VST, Samples & DAW\FROM TIXATI DL\EZX_HipHop\Uninstaller.app	0	0	0	0	0	6
/mnt/workspace/PROGRAMS/VST, Samples & DAW/FROM TIXATI DL/Garritan Personal Orchestra 5/Garritan.ARIA.Player.v1.872-R2R	D:\PROGRAMS\VST, Samples & DAW\FROM TIXATI DL\Garritan Personal Orchestra 5\Garritan.ARIA.Player.v1.872-R2R	0	0	0	0	0	4
/mnt/workspace/PROGRAMS/VST, Samples & DAW/FROM TIXATI DL/Garritan Personal Orchestra 5/Garritan.ARIA.Player.v1.872.MacOSX-R2R	D:\PROGRAMS\VST, Samples & DAW\FROM TIXATI DL\Garritan Personal Orchestra 5\Garritan.ARIA.Player.v1.872.MacOSX-R2R	0	0	0	0	0	4
/mnt/workspace/PROGRAMS/VST, Samples & DAW/FROM TIXATI DL/Garritan Personal Orchestra 5/Plogue.ARIA.Engine.v1.905.Incl.Patched.and.Keygen-R2R	D:\PROGRAMS\VST, Samples & DAW\FROM TIXATI DL\Garritan Personal Orchestra 5\Plogue.ARIA.Engine.v1.905.Incl.Patched.and.Keygen-R2R	0	0	0	0	0	5
/mnt/workspace/PROGRAMS/VST, Samples & DAW/FROM TIXATI DL/Garritan Personal Orchestra 5/Plogue.ARIA.Engine.v1.905.MacOSX.Incl.Patched.and.Keygen-R2R	D:\PROGRAMS\VST, Samples & DAW\FROM TIXATI DL\Garritan Personal Orchestra 5\Plogue.ARIA.Engine.v1.905.MacOSX.Incl.Patched.and.Keygen-R2R	0	0	0	0	0	5
/mnt/workspace/PROGRAMS/VST, Samples & DAW/FROM TIXATI DL/Garritan Personal Orchestra 5/R2R	D:\PROGRAMS\VST, Samples & DAW\FROM TIXATI DL\Garritan Personal Orchestra 5\R2R	0	0	0	0	0	1
/mnt/workspace/PROGRAMS/VST, Samples & DAW/FROM TIXATI DL/Garritan World Instruments v1.0 HAPPY NEW YEAR - R2R [deepstatus][h33t][1337x]/EXTRACTED	D:\PROGRAMS\VST, Samples & DAW\FROM TIXATI DL\Garritan World Instruments v1.0 HAPPY NEW YEAR - R2R [deepstatus][h33t][1337x]\EXTRACTED	0	0	0	0	0	2
/mnt/workspace/PROGRAMS/VST, Samples & DAW/FROM TIXATI DL/iZotope - Nectar 4 Advanced v4.0.1/R2R	D:\PROGRAMS\VST, Samples & DAW\FROM TIXATI DL\iZotope - Nectar 4 Advanced v4.0.1\R2R	0	0	0	0	0	3
/mnt/workspace/PROGRAMS/VST, Samples & DAW/FROM TIXATI DL/Kontakt 8 Portable/Addons	D:\PROGRAMS\VST, Samples & DAW\FROM TIXATI DL\Kontakt 8 Portable\Addons	0	0	0	0	0	1
/mnt/workspace/PROGRAMS/VST, Samples & DAW/FROM TIXATI DL/THAT.SOUND.ORGANIC.PERCUSSION.(SCENE)-DISCOVER/LOOPS	D:\PROGRAMS\VST, Samples & DAW\FROM TIXATI DL\THAT.SOUND.ORGANIC.PERCUSSION.(SCENE)-DISCOVER\LOOPS	0	0	0	1470	0	1470
/mnt/workspace/PROGRAMS/VST, Samples & DAW/FROM TIXATI DL/THAT.SOUND.ORGANIC.PERCUSSION.(SCENE)-DISCOVER/ONE SHOTS	D:\PROGRAMS\VST, Samples & DAW\FROM TIXATI DL\THAT.SOUND.ORGANIC.PERCUSSION.(SCENE)-DISCOVER\ONE SHOTS	0	0	0	206	0	206
/mnt/workspace/PROGRAMS/VST, Samples & DAW/FROM TIXATI DL/THAT.SOUND.ORGANIC.PERCUSSION.(SCENE)-DISCOVER/THAT_SOUND_ORGANIC_PERCUSSION_(Demos)	D:\PROGRAMS\VST, Samples & DAW\FROM TIXATI DL\THAT.SOUND.ORGANIC.PERCUSSION.(SCENE)-DISCOVER\THAT_SOUND_ORGANIC_PERCUSSION_(Demos)	0	0	0	0	0	4
/mnt/workspace/PROGRAMS/VST, Samples & DAW/FROM TIXATI DL/Toontrack Dance EZX/EZX2_Dance	D:\PROGRAMS\VST, Samples & DAW\FROM TIXATI DL\Toontrack Dance EZX\EZX2_Dance	0	0	0	0	0	145
/mnt/workspace/PROGRAMS/VST, Samples & DAW/FROM TIXATI DL/Toontrack Dance EZX/Midi	D:\PROGRAMS\VST, Samples & DAW\FROM TIXATI DL\Toontrack Dance EZX\Midi	0	0	0	0	0	67
/mnt/workspace/PROGRAMS/VST, Samples & DAW/FROM TIXATI DL/Toontrack The Classic EZX 151/TT152_EZX_The_Classic	D:\PROGRAMS\VST, Samples & DAW\FROM TIXATI DL\Toontrack The Classic EZX 151\TT152_EZX_The_Classic	0	0	0	26064	0	27028
/mnt/workspace/PROGRAMS/VST, Samples & DAW/FROM TIXATI DL/TT108_EZX_Vintage_Rock/EZX_Vintage	D:\PROGRAMS\VST, Samples & DAW\FROM TIXATI DL\TT108_EZX_Vintage_Rock\EZX_Vintage	0	0	0	0	0	88
/mnt/workspace/PROGRAMS/VST, Samples & DAW/FROM TIXATI DL/TT108_EZX_Vintage_Rock/Midi	D:\PROGRAMS\VST, Samples & DAW\FROM TIXATI DL\TT108_EZX_Vintage_Rock\Midi	0	0	0	0	0	2848
/mnt/workspace/PROGRAMS/VST, Samples & DAW/FROM TIXATI DL/TT448_Big_Band_EZX/EZX2_BigBand	D:\PROGRAMS\VST, Samples & DAW\FROM TIXATI DL\TT448_Big_Band_EZX\EZX2_BigBand	0	0	0	0	0	78
/mnt/workspace/PROGRAMS/VST, Samples & DAW/FROM TIXATI DL/TT448_Big_Band_EZX/Midi	D:\PROGRAMS\VST, Samples & DAW\FROM TIXATI DL\TT448_Big_Band_EZX\Midi	0	0	0	0	0	341
/mnt/workspace/PROGRAMS/VST, Samples & DAW/GetGood Drums - Modern and Massive Pack/GGD_ModernMassive_TCI/GGD Modern and Massive Kick TCIs	D:\PROGRAMS\VST, Samples & DAW\GetGood Drums - Modern and Massive Pack\GGD_ModernMassive_TCI\GGD Modern and Massive Kick TCIs	0	0	0	0	0	36
/mnt/workspace/PROGRAMS/VST, Samples & DAW/GetGood Drums - Modern and Massive Pack/GGD_ModernMassive_TCI/GGD Modern and Massive Snare TCIs	D:\PROGRAMS\VST, Samples & DAW\GetGood Drums - Modern and Massive Pack\GGD_ModernMassive_TCI\GGD Modern and Massive Snare TCIs	0	0	0	0	0	54
/mnt/workspace/PROGRAMS/VST, Samples & DAW/GetGood Drums - Modern and Massive Pack/GGD_ModernMassive_TCI/GGD Modern and Massive Tom TCIs	D:\PROGRAMS\VST, Samples & DAW\GetGood Drums - Modern and Massive Pack\GGD_ModernMassive_TCI\GGD Modern and Massive Tom TCIs	0	0	0	0	0	70
/mnt/workspace/PROGRAMS/VST, Samples & DAW/Global.Audio.Tools.Perculator.VST.x64.RETAiL-SYNTHiC4TE/Perculator/Perculator.instruments	D:\PROGRAMS\VST, Samples & DAW\Global.Audio.Tools.Perculator.VST.x64.RETAiL-SYNTHiC4TE\Perculator\Perculator.instruments	0	0	0	0	0	12
/mnt/workspace/PROGRAMS/VST, Samples & DAW/HOFA-Plugins HOFA Everything Bundle 2021.10-R2R/HOFA.CD-Burn.DDP.Master.Plugin.v2.0.7.Incl.Patched.and.Keygen-R2R/R2R	D:\PROGRAMS\VST, Samples & DAW\HOFA-Plugins HOFA Everything Bundle 2021.10-R2R\HOFA.CD-Burn.DDP.Master.Plugin.v2.0.7.Incl.Patched.and.Keygen-R2R\R2R	0	0	0	0	0	2
/mnt/workspace/PROGRAMS/VST, Samples & DAW/HOFA-Plugins HOFA Everything Bundle 2021.10-R2R/HOFA.CD-Burn.DDP.Master.PRO.Standalone.v2.5.7.Incl.Patched.and.Keygen-R2R/R2R	D:\PROGRAMS\VST, Samples & DAW\HOFA-Plugins HOFA Everything Bundle 2021.10-R2R\HOFA.CD-Burn.DDP.Master.PRO.Standalone.v2.5.7.Incl.Patched.and.Keygen-R2R\R2R	0	0	0	0	0	2
/mnt/workspace/PROGRAMS/VST, Samples & DAW/HOFA-Plugins HOFA Everything Bundle 2021.10-R2R/HOFA.IQ-DeEsser.v1.0.6.Incl.Patched.and.Keygen-R2R/R2R	D:\PROGRAMS\VST, Samples & DAW\HOFA-Plugins HOFA Everything Bundle 2021.10-R2R\HOFA.IQ-DeEsser.v1.0.6.Incl.Patched.and.Keygen-R2R\R2R	0	0	0	0	0	2
/mnt/workspace/PROGRAMS/VST, Samples & DAW/HOFA-Plugins HOFA Everything Bundle 2021.10-R2R/HOFA.IQ-Limiter.v1.0.13.Incl.Patched.and.Keygen-R2R/R2R	D:\PROGRAMS\VST, Samples & DAW\HOFA-Plugins HOFA Everything Bundle 2021.10-R2R\HOFA.IQ-Limiter.v1.0.13.Incl.Patched.and.Keygen-R2R\R2R	0	0	0	0	0	2
/mnt/workspace/PROGRAMS/VST, Samples & DAW/HY-Plugin Synths-Plugins Bundle 2021.11-R2R/HY-Plugin.HY-MBMFX2.v1.1.661.WIN.OSX.Incl.Keygen-R2R/MAC	D:\PROGRAMS\VST, Samples & DAW\HY-Plugin Synths-Plugins Bundle 2021.11-R2R\HY-Plugin.HY-MBMFX2.v1.1.661.WIN.OSX.Incl.Keygen-R2R\MAC	0	0	0	0	0	1
/mnt/workspace/PROGRAMS/VST, Samples & DAW/HY-Plugin Synths-Plugins Bundle 2021.11-R2R/HY-Plugin.HY-MPS2.v1.5.4.WIN.OSX.Incl.Keygen-R2R/MAC	D:\PROGRAMS\VST, Samples & DAW\HY-Plugin Synths-Plugins Bundle 2021.11-R2R\HY-Plugin.HY-MPS2.v1.5.4.WIN.OSX.Incl.Keygen-R2R\MAC	0	0	0	0	0	1
/mnt/workspace/PROGRAMS/VST, Samples & DAW/HY-Plugin Synths-Plugins Bundle 2021.11-R2R/HY-Plugin.HY-POLY.v1.2.7.WIN.OSX.Incl.Keygen-R2R/MAC	D:\PROGRAMS\VST, Samples & DAW\HY-Plugin Synths-Plugins Bundle 2021.11-R2R\HY-Plugin.HY-POLY.v1.2.7.WIN.OSX.Incl.Keygen-R2R\MAC	0	0	0	0	0	1
/mnt/workspace/PROGRAMS/VST, Samples & DAW/HY-Plugin Synths-Plugins Bundle 2021.11-R2R/HY-Plugin.HY-RPE2.v1.1.7.WIN.OSX.Incl.Keygen-R2R/MAC	D:\PROGRAMS\VST, Samples & DAW\HY-Plugin Synths-Plugins Bundle 2021.11-R2R\HY-Plugin.HY-RPE2.v1.1.7.WIN.OSX.Incl.Keygen-R2R\MAC	0	0	0	0	0	1
/mnt/workspace/PROGRAMS/VST, Samples & DAW/HY-Plugin Synths-Plugins Bundle 2021.11-R2R/HY-Plugin.HY-SEQ32.v1.1.2.WIN.OSX.LIN.Incl.Keygen-R2R/LINUX	D:\PROGRAMS\VST, Samples & DAW\HY-Plugin Synths-Plugins Bundle 2021.11-R2R\HY-Plugin.HY-SEQ32.v1.1.2.WIN.OSX.LIN.Incl.Keygen-R2R\LINUX	0	0	0	0	0	109
/mnt/workspace/PROGRAMS/VST, Samples & DAW/HY-Plugin Synths-Plugins Bundle 2021.11-R2R/HY-Plugin.HY-SEQ32.v1.1.2.WIN.OSX.LIN.Incl.Keygen-R2R/MAC	D:\PROGRAMS\VST, Samples & DAW\HY-Plugin Synths-Plugins Bundle 2021.11-R2R\HY-Plugin.HY-SEQ32.v1.1.2.WIN.OSX.LIN.Incl.Keygen-R2R\MAC	0	0	0	0	0	1
/mnt/workspace/PROGRAMS/VST, Samples & DAW/HY-Plugin Synths-Plugins Bundle 2021.11-R2R/HY-Plugin.HY-SeqCollection2.v1.3.9.WIN.OSX.Incl.Keygen-R2R/MAC	D:\PROGRAMS\VST, Samples & DAW\HY-Plugin Synths-Plugins Bundle 2021.11-R2R\HY-Plugin.HY-SeqCollection2.v1.3.9.WIN.OSX.Incl.Keygen-R2R\MAC	0	0	0	0	0	1
/mnt/workspace/PROGRAMS/VST, Samples & DAW/HY-Plugin Synths-Plugins Bundle 2021.11-R2R/HY-Plugin.HY-Slicer.v1.4.3.WIN.OSX.Incl.Keygen-R2R/MAC	D:\PROGRAMS\VST, Samples & DAW\HY-Plugin Synths-Plugins Bundle 2021.11-R2R\HY-Plugin.HY-Slicer.v1.4.3.WIN.OSX.Incl.Keygen-R2R\MAC	0	0	0	0	0	1
/mnt/workspace/PROGRAMS/VST, Samples & DAW/Hy2rogen - Tekno House Nights/HTHN APPLE LOOPS/Bass Loops	D:\PROGRAMS\VST, Samples & DAW\Hy2rogen - Tekno House Nights\HTHN APPLE LOOPS\Bass Loops	0	0	0	74	0	74
/mnt/workspace/PROGRAMS/VST, Samples & DAW/Hy2rogen - Tekno House Nights/HTHN APPLE LOOPS/FX	D:\PROGRAMS\VST, Samples & DAW\Hy2rogen - Tekno House Nights\HTHN APPLE LOOPS\FX	0	0	0	40	0	40
/mnt/workspace/PROGRAMS/VST, Samples & DAW/Hy2rogen - Tekno House Nights/HTHN APPLE LOOPS/Hat Loops	D:\PROGRAMS\VST, Samples & DAW\Hy2rogen - Tekno House Nights\HTHN APPLE LOOPS\Hat Loops	0	0	0	40	0	40
/mnt/workspace/PROGRAMS/VST, Samples & DAW/Hy2rogen - Tekno House Nights/HTHN APPLE LOOPS/Music Loops	D:\PROGRAMS\VST, Samples & DAW\Hy2rogen - Tekno House Nights\HTHN APPLE LOOPS\Music Loops	0	0	0	96	0	96
/mnt/workspace/PROGRAMS/VST, Samples & DAW/Hy2rogen - Tekno House Nights/HTHN APPLE LOOPS/One Shots	D:\PROGRAMS\VST, Samples & DAW\Hy2rogen - Tekno House Nights\HTHN APPLE LOOPS\One Shots	0	0	0	315	0	315
/mnt/workspace/PROGRAMS/VST, Samples & DAW/Hy2rogen - Tekno House Nights/HTHN APPLE LOOPS/Percussion Loops	D:\PROGRAMS\VST, Samples & DAW\Hy2rogen - Tekno House Nights\HTHN APPLE LOOPS\Percussion Loops	0	0	0	40	0	40
/mnt/workspace/PROGRAMS/VST, Samples & DAW/Hy2rogen - Tekno House Nights/HTHN APPLE LOOPS/Sub Loops	D:\PROGRAMS\VST, Samples & DAW\Hy2rogen - Tekno House Nights\HTHN APPLE LOOPS\Sub Loops	0	0	0	80	0	80
/mnt/workspace/PROGRAMS/VST, Samples & DAW/Hy2rogen - Tekno House Nights/HTHN APPLE LOOPS/Top Loops	D:\PROGRAMS\VST, Samples & DAW\Hy2rogen - Tekno House Nights\HTHN APPLE LOOPS\Top Loops	0	0	0	100	0	100
/mnt/workspace/PROGRAMS/VST, Samples & DAW/Hy2rogen - Tekno House Nights/HTHN APPLE LOOPS/Vocal Loops	D:\PROGRAMS\VST, Samples & DAW\Hy2rogen - Tekno House Nights\HTHN APPLE LOOPS\Vocal Loops	0	0	0	80	0	80
/mnt/workspace/PROGRAMS/VST, Samples & DAW/Hy2rogen - Tekno House Nights/HTHN REX2/Hat Loops	D:\PROGRAMS\VST, Samples & DAW\Hy2rogen - Tekno House Nights\HTHN REX2\Hat Loops	0	0	0	40	0	40
/mnt/workspace/PROGRAMS/VST, Samples & DAW/Hy2rogen - Tekno House Nights/HTHN REX2/Percussion Loops	D:\PROGRAMS\VST, Samples & DAW\Hy2rogen - Tekno House Nights\HTHN REX2\Percussion Loops	0	0	0	40	0	40
/mnt/workspace/PROGRAMS/VST, Samples & DAW/Hy2rogen - Tekno House Nights/HTHN REX2/Top Loops	D:\PROGRAMS\VST, Samples & DAW\Hy2rogen - Tekno House Nights\HTHN REX2\Top Loops	0	0	0	100	0	100
/mnt/workspace/PROGRAMS/VST, Samples & DAW/Hy2rogen - Tekno House Nights/HTHN SAMPLER PATCHES/EXS24	D:\PROGRAMS\VST, Samples & DAW\Hy2rogen - Tekno House Nights\HTHN SAMPLER PATCHES\EXS24	0	0	0	0	0	7
/mnt/workspace/PROGRAMS/VST, Samples & DAW/Hy2rogen - Tekno House Nights/HTHN SAMPLER PATCHES/HALION	D:\PROGRAMS\VST, Samples & DAW\Hy2rogen - Tekno House Nights\HTHN SAMPLER PATCHES\HALION	0	0	0	0	0	7
/mnt/workspace/PROGRAMS/VST, Samples & DAW/Hy2rogen - Tekno House Nights/HTHN SAMPLER PATCHES/NNXT	D:\PROGRAMS\VST, Samples & DAW\Hy2rogen - Tekno House Nights\HTHN SAMPLER PATCHES\NNXT	0	0	0	0	0	7
/mnt/workspace/PROGRAMS/VST, Samples & DAW/Hy2rogen - Tekno House Nights/HTHN WAV/One Shots	D:\PROGRAMS\VST, Samples & DAW\Hy2rogen - Tekno House Nights\HTHN WAV\One Shots	0	0	0	315	0	315
/mnt/workspace/PROGRAMS/VST, Samples & DAW/Keyscape	D:\PROGRAMS\VST, Samples & DAW\Keyscape	0	0	0	0	0	154
/mnt/workspace/PROGRAMS/VST, Samples & DAW/Laniakea Sounds - Cozy Beats & Lofi Hip Hop/Oneshots/Hats	D:\PROGRAMS\VST, Samples & DAW\Laniakea Sounds - Cozy Beats & Lofi Hip Hop\Oneshots\Hats	0	0	0	10	0	10
/mnt/workspace/PROGRAMS/VST, Samples & DAW/Laniakea Sounds - Cozy Beats & Lofi Hip Hop/Oneshots/Instrumental_Oneshots	D:\PROGRAMS\VST, Samples & DAW\Laniakea Sounds - Cozy Beats & Lofi Hip Hop\Oneshots\Instrumental_Oneshots	0	0	0	10	0	10
/mnt/workspace/PROGRAMS/VST, Samples & DAW/Laniakea Sounds - Cozy Beats & Lofi Hip Hop/Oneshots/Kicks	D:\PROGRAMS\VST, Samples & DAW\Laniakea Sounds - Cozy Beats & Lofi Hip Hop\Oneshots\Kicks	0	0	0	10	0	10
/mnt/workspace/PROGRAMS/VST, Samples & DAW/Laniakea Sounds - Cozy Beats & Lofi Hip Hop/Oneshots/Snares	D:\PROGRAMS\VST, Samples & DAW\Laniakea Sounds - Cozy Beats & Lofi Hip Hop\Oneshots\Snares	0	0	0	20	0	20
/mnt/workspace/PROGRAMS/VST, Samples & DAW/Laniakea Sounds - Illusion Lofi Hip Hop/Loops/Drum_Loops	D:\PROGRAMS\VST, Samples & DAW\Laniakea Sounds - Illusion Lofi Hip Hop\Loops\Drum_Loops	0	0	0	75	0	75
/mnt/workspace/PROGRAMS/VST, Samples & DAW/Laniakea Sounds - Illusion Lofi Hip Hop/Loops/Instrumental_Loops	D:\PROGRAMS\VST, Samples & DAW\Laniakea Sounds - Illusion Lofi Hip Hop\Loops\Instrumental_Loops	0	0	0	96	0	96
/mnt/workspace/PROGRAMS/VST, Samples & DAW/Laniakea Sounds - Illusion Lofi Hip Hop/Loops/Music_Loops	D:\PROGRAMS\VST, Samples & DAW\Laniakea Sounds - Illusion Lofi Hip Hop\Loops\Music_Loops	0	0	0	93	0	93
/mnt/workspace/PROGRAMS/VST, Samples & DAW/Laniakea Sounds - Illusion Lofi Hip Hop/Oneshots/Drums	D:\PROGRAMS\VST, Samples & DAW\Laniakea Sounds - Illusion Lofi Hip Hop\Oneshots\Drums	0	0	0	84	0	84
/mnt/workspace/PROGRAMS/VST, Samples & DAW/Laniakea Sounds - Illusion Lofi Hip Hop/Oneshots/Instrumental_Oneshots	D:\PROGRAMS\VST, Samples & DAW\Laniakea Sounds - Illusion Lofi Hip Hop\Oneshots\Instrumental_Oneshots	0	0	0	43	0	43
/mnt/workspace/PROGRAMS/VST, Samples & DAW/Laniakea Sounds - Skygarden Lofi Hip Hop/Drum_Hits/Hats	D:\PROGRAMS\VST, Samples & DAW\Laniakea Sounds - Skygarden Lofi Hip Hop\Drum_Hits\Hats	0	0	0	10	0	10
/mnt/workspace/PROGRAMS/VST, Samples & DAW/Laniakea Sounds - Skygarden Lofi Hip Hop/Drum_Hits/Kicks	D:\PROGRAMS\VST, Samples & DAW\Laniakea Sounds - Skygarden Lofi Hip Hop\Drum_Hits\Kicks	0	0	0	10	0	10
/mnt/workspace/PROGRAMS/VST, Samples & DAW/Laniakea Sounds - Skygarden Lofi Hip Hop/Drum_Hits/Percs	D:\PROGRAMS\VST, Samples & DAW\Laniakea Sounds - Skygarden Lofi Hip Hop\Drum_Hits\Percs	0	0	0	10	0	10
/mnt/workspace/PROGRAMS/VST, Samples & DAW/Laniakea Sounds - Skygarden Lofi Hip Hop/Drum_Hits/Snaps	D:\PROGRAMS\VST, Samples & DAW\Laniakea Sounds - Skygarden Lofi Hip Hop\Drum_Hits\Snaps	0	0	0	5	0	5
/mnt/workspace/PROGRAMS/VST, Samples & DAW/Laniakea Sounds - Skygarden Lofi Hip Hop/Drum_Hits/Snares	D:\PROGRAMS\VST, Samples & DAW\Laniakea Sounds - Skygarden Lofi Hip Hop\Drum_Hits\Snares	0	0	0	10	0	10
/mnt/workspace/PROGRAMS/VST, Samples & DAW/LM - Reel People Broken Beat Nu Jazz And Soul.1/RP_Drum_and _Percussion_hits/Cymbals	D:\PROGRAMS\VST, Samples & DAW\LM - Reel People Broken Beat Nu Jazz And Soul.1\RP_Drum_and _Percussion_hits\Cymbals	0	0	0	14	0	14
/mnt/workspace/PROGRAMS/VST, Samples & DAW/LM - Reel People Broken Beat Nu Jazz And Soul.1/RP_Drum_and _Percussion_hits/Hats	D:\PROGRAMS\VST, Samples & DAW\LM - Reel People Broken Beat Nu Jazz And Soul.1\RP_Drum_and _Percussion_hits\Hats	0	0	0	31	0	31
/mnt/workspace/PROGRAMS/VST, Samples & DAW/LM - Reel People Broken Beat Nu Jazz And Soul.1/RP_Drum_and _Percussion_hits/Kicks	D:\PROGRAMS\VST, Samples & DAW\LM - Reel People Broken Beat Nu Jazz And Soul.1\RP_Drum_and _Percussion_hits\Kicks	0	0	0	23	0	23
/mnt/workspace/PROGRAMS/VST, Samples & DAW/LM - Reel People Broken Beat Nu Jazz And Soul.1/RP_Drum_and _Percussion_hits/Percussion	D:\PROGRAMS\VST, Samples & DAW\LM - Reel People Broken Beat Nu Jazz And Soul.1\RP_Drum_and _Percussion_hits\Percussion	0	0	0	24	0	24
/mnt/workspace/PROGRAMS/VST, Samples & DAW/LM - Reel People Broken Beat Nu Jazz And Soul.1/RP_Drum_and _Percussion_hits/Snares	D:\PROGRAMS\VST, Samples & DAW\LM - Reel People Broken Beat Nu Jazz And Soul.1\RP_Drum_and _Percussion_hits\Snares	0	0	0	36	0	36
/mnt/workspace/PROGRAMS/VST, Samples & DAW/LM - Reel People Broken Beat Nu Jazz And Soul.1/RP_Drum_and_Percussion_Loops_Wav/Broken Drums	D:\PROGRAMS\VST, Samples & DAW\LM - Reel People Broken Beat Nu Jazz And Soul.1\RP_Drum_and_Percussion_Loops_Wav\Broken Drums	0	0	0	45	0	45
/mnt/workspace/PROGRAMS/VST, Samples & DAW/LM - Reel People Broken Beat Nu Jazz And Soul.1/RP_Drum_and_Percussion_Loops_Wav/House Drums	D:\PROGRAMS\VST, Samples & DAW\LM - Reel People Broken Beat Nu Jazz And Soul.1\RP_Drum_and_Percussion_Loops_Wav\House Drums	0	0	0	40	0	40
/mnt/workspace/PROGRAMS/VST, Samples & DAW/LM - Reel People Broken Beat Nu Jazz And Soul.1/RP_Drum_and_Percussion_Loops_Wav/Live Drums	D:\PROGRAMS\VST, Samples & DAW\LM - Reel People Broken Beat Nu Jazz And Soul.1\RP_Drum_and_Percussion_Loops_Wav\Live Drums	0	0	0	53	0	53
/mnt/workspace/PROGRAMS/VST, Samples & DAW/LM - Reel People Broken Beat Nu Jazz And Soul.1/RP_Drum_and_Percussion_Loops_Wav/Nu Soul_Hip Hop Drums	D:\PROGRAMS\VST, Samples & DAW\LM - Reel People Broken Beat Nu Jazz And Soul.1\RP_Drum_and_Percussion_Loops_Wav\Nu Soul_Hip Hop Drums	0	0	0	39	0	39
/mnt/workspace/PROGRAMS/VST, Samples & DAW/LM - Reel People Broken Beat Nu Jazz And Soul.1/RP_Drum_and_Percussion_Loops_Wav/Percussion	D:\PROGRAMS\VST, Samples & DAW\LM - Reel People Broken Beat Nu Jazz And Soul.1\RP_Drum_and_Percussion_Loops_Wav\Percussion	0	0	0	69	0	69
/mnt/workspace/PROGRAMS/VST, Samples & DAW/LM - Reel People Broken Beat Nu Jazz And Soul.1/RP_Instrument_Hits/Bass Hits	D:\PROGRAMS\VST, Samples & DAW\LM - Reel People Broken Beat Nu Jazz And Soul.1\RP_Instrument_Hits\Bass Hits	0	0	0	19	0	19
/mnt/workspace/PROGRAMS/VST, Samples & DAW/LM - Reel People Broken Beat Nu Jazz And Soul.1/RP_Instrument_Hits/Fx Hits	D:\PROGRAMS\VST, Samples & DAW\LM - Reel People Broken Beat Nu Jazz And Soul.1\RP_Instrument_Hits\Fx Hits	0	0	0	79	0	79
/mnt/workspace/PROGRAMS/VST, Samples & DAW/LM - Reel People Broken Beat Nu Jazz And Soul.1/RP_Instrument_Hits/Guitar Hits	D:\PROGRAMS\VST, Samples & DAW\LM - Reel People Broken Beat Nu Jazz And Soul.1\RP_Instrument_Hits\Guitar Hits	0	0	0	2	0	2
/mnt/workspace/PROGRAMS/VST, Samples & DAW/LM - Reel People Broken Beat Nu Jazz And Soul.1/RP_Instrument_Hits/Horn Hits	D:\PROGRAMS\VST, Samples & DAW\LM - Reel People Broken Beat Nu Jazz And Soul.1\RP_Instrument_Hits\Horn Hits	0	0	0	16	0	16
/mnt/workspace/PROGRAMS/VST, Samples & DAW/LM - Reel People Broken Beat Nu Jazz And Soul.1/RP_Instrument_Hits/Key Hits	D:\PROGRAMS\VST, Samples & DAW\LM - Reel People Broken Beat Nu Jazz And Soul.1\RP_Instrument_Hits\Key Hits	0	0	0	46	0	46
/mnt/workspace/PROGRAMS/VST, Samples & DAW/LM - Reel People Broken Beat Nu Jazz And Soul.1/RP_Instrument_Loops_Wav/Bass Loops	D:\PROGRAMS\VST, Samples & DAW\LM - Reel People Broken Beat Nu Jazz And Soul.1\RP_Instrument_Loops_Wav\Bass Loops	0	0	0	8	0	8
/mnt/workspace/PROGRAMS/VST, Samples & DAW/LM - Reel People Broken Beat Nu Jazz And Soul.1/RP_Instrument_Loops_Wav/Guitar Loops	D:\PROGRAMS\VST, Samples & DAW\LM - Reel People Broken Beat Nu Jazz And Soul.1\RP_Instrument_Loops_Wav\Guitar Loops	0	0	0	48	0	48
/mnt/workspace/PROGRAMS/VST, Samples & DAW/LM - Reel People Broken Beat Nu Jazz And Soul.1/RP_Instrument_Loops_Wav/Horn Loops	D:\PROGRAMS\VST, Samples & DAW\LM - Reel People Broken Beat Nu Jazz And Soul.1\RP_Instrument_Loops_Wav\Horn Loops	0	0	0	2	0	2
/mnt/workspace/PROGRAMS/VST, Samples & DAW/LM - Reel People Broken Beat Nu Jazz And Soul.1/RP_Instrument_Loops_Wav/Key Loops	D:\PROGRAMS\VST, Samples & DAW\LM - Reel People Broken Beat Nu Jazz And Soul.1\RP_Instrument_Loops_Wav\Key Loops	0	0	0	53	0	53
/mnt/workspace/PROGRAMS/VST, Samples & DAW/LM - Reel People Broken Beat Nu Jazz And Soul.1/RP_Rex_Files/REEL PEOPLE LOOPS	D:\PROGRAMS\VST, Samples & DAW\LM - Reel People Broken Beat Nu Jazz And Soul.1\RP_Rex_Files\REEL PEOPLE LOOPS	0	0	0	357	0	357
/mnt/workspace/PROGRAMS/VST, Samples & DAW/LM - Reel People Broken Beat Nu Jazz And Soul.2/RP2_Rex/REEL PEOPLE 2 LOOPS	D:\PROGRAMS\VST, Samples & DAW\LM - Reel People Broken Beat Nu Jazz And Soul.2\RP2_Rex\REEL PEOPLE 2 LOOPS	0	0	0	489	0	489
/mnt/workspace/PROGRAMS/VST, Samples & DAW/LM - Reel People Broken Beat Nu Jazz And Soul.2/RP2_Sampler Patches/EXS24	D:\PROGRAMS\VST, Samples & DAW\LM - Reel People Broken Beat Nu Jazz And Soul.2\RP2_Sampler Patches\EXS24	0	0	0	0	0	6
/mnt/workspace/PROGRAMS/VST, Samples & DAW/LM - Reel People Broken Beat Nu Jazz And Soul.2/RP2_Sampler Patches/HALION	D:\PROGRAMS\VST, Samples & DAW\LM - Reel People Broken Beat Nu Jazz And Soul.2\RP2_Sampler Patches\HALION	0	0	0	0	0	6
/mnt/workspace/PROGRAMS/VST, Samples & DAW/LM - Reel People Broken Beat Nu Jazz And Soul.2/RP2_Sampler Patches/NNXT	D:\PROGRAMS\VST, Samples & DAW\LM - Reel People Broken Beat Nu Jazz And Soul.2\RP2_Sampler Patches\NNXT	0	0	0	0	0	6
/mnt/workspace/PROGRAMS/VST, Samples & DAW/LM - Reel People Broken Beat Nu Jazz And Soul.2/RP2_Sampler Patches/SFZ	D:\PROGRAMS\VST, Samples & DAW\LM - Reel People Broken Beat Nu Jazz And Soul.2\RP2_Sampler Patches\SFZ	0	0	0	0	0	6
/mnt/workspace/PROGRAMS/VST, Samples & DAW/LM - Reel People Broken Beat Nu Jazz And Soul.2/RP2_Sounds And FX Wavs/Drum Hits	D:\PROGRAMS\VST, Samples & DAW\LM - Reel People Broken Beat Nu Jazz And Soul.2\RP2_Sounds And FX Wavs\Drum Hits	0	0	0	250	0	250
/mnt/workspace/PROGRAMS/VST, Samples & DAW/LM - Reel People Broken Beat Nu Jazz And Soul.2/RP2_Sounds And FX Wavs/FX	D:\PROGRAMS\VST, Samples & DAW\LM - Reel People Broken Beat Nu Jazz And Soul.2\RP2_Sounds And FX Wavs\FX	0	0	0	27	0	27
/mnt/workspace/PROGRAMS/VST, Samples & DAW/LM - Reel People Broken Beat Nu Jazz And Soul.2/RP2_Sounds And FX Wavs/Percussion	D:\PROGRAMS\VST, Samples & DAW\LM - Reel People Broken Beat Nu Jazz And Soul.2\RP2_Sounds And FX Wavs\Percussion	0	0	0	15	0	15
/mnt/workspace/PROGRAMS/VST, Samples & DAW/LM - Reel People Broken Beat Nu Jazz And Soul.2/RP2_Wav/Bass Loops	D:\PROGRAMS\VST, Samples & DAW\LM - Reel People Broken Beat Nu Jazz And Soul.2\RP2_Wav\Bass Loops	0	0	0	47	0	47
/mnt/workspace/PROGRAMS/VST, Samples & DAW/LM - Reel People Broken Beat Nu Jazz And Soul.2/RP2_Wav/Drum Loops	D:\PROGRAMS\VST, Samples & DAW\LM - Reel People Broken Beat Nu Jazz And Soul.2\RP2_Wav\Drum Loops	0	0	0	147	0	147
/mnt/workspace/PROGRAMS/VST, Samples & DAW/LM - Reel People Broken Beat Nu Jazz And Soul.2/RP2_Wav/Musical Loops	D:\PROGRAMS\VST, Samples & DAW\LM - Reel People Broken Beat Nu Jazz And Soul.2\RP2_Wav\Musical Loops	0	0	0	210	0	210
/mnt/workspace/PROGRAMS/VST, Samples & DAW/LM - Reel People Broken Beat Nu Jazz And Soul.2/RP2_Wav/Percussion Loops	D:\PROGRAMS\VST, Samples & DAW\LM - Reel People Broken Beat Nu Jazz And Soul.2\RP2_Wav\Percussion Loops	0	0	0	85	0	85
/mnt/workspace/PROGRAMS/VST, Samples & DAW/LM - Reel People Broken Beat Nu Jazz And Soul.3/RP3_Rex_Files/Reel_People_Vol3_Loops	D:\PROGRAMS\VST, Samples & DAW\LM - Reel People Broken Beat Nu Jazz And Soul.3\RP3_Rex_Files\Reel_People_Vol3_Loops	0	0	0	321	0	321
/mnt/workspace/PROGRAMS/VST, Samples & DAW/LM - Reel People Broken Beat Nu Jazz And Soul.3/RP3_Sampler_Patches/EXS24	D:\PROGRAMS\VST, Samples & DAW\LM - Reel People Broken Beat Nu Jazz And Soul.3\RP3_Sampler_Patches\EXS24	0	0	0	0	0	80
/mnt/workspace/PROGRAMS/VST, Samples & DAW/LM - Reel People Broken Beat Nu Jazz And Soul.3/RP3_Sampler_Patches/HALION	D:\PROGRAMS\VST, Samples & DAW\LM - Reel People Broken Beat Nu Jazz And Soul.3\RP3_Sampler_Patches\HALION	0	0	0	0	0	80
/mnt/workspace/PROGRAMS/VST, Samples & DAW/LM - Reel People Broken Beat Nu Jazz And Soul.3/RP3_Sampler_Patches/NNXT	D:\PROGRAMS\VST, Samples & DAW\LM - Reel People Broken Beat Nu Jazz And Soul.3\RP3_Sampler_Patches\NNXT	0	0	0	0	0	80
/mnt/workspace/PROGRAMS/VST, Samples & DAW/LM - Reel People Broken Beat Nu Jazz And Soul.3/RP3_Sampler_Patches/SFZ	D:\PROGRAMS\VST, Samples & DAW\LM - Reel People Broken Beat Nu Jazz And Soul.3\RP3_Sampler_Patches\SFZ	0	0	0	0	0	80
/mnt/workspace/PROGRAMS/VST, Samples & DAW/LM - Reel People Broken Beat Nu Jazz And Soul.3/RP3_Sounds_and_FX/RP3_Bass_Hits	D:\PROGRAMS\VST, Samples & DAW\LM - Reel People Broken Beat Nu Jazz And Soul.3\RP3_Sounds_and_FX\RP3_Bass_Hits	0	0	0	5	0	5
/mnt/workspace/PROGRAMS/VST, Samples & DAW/LM - Reel People Broken Beat Nu Jazz And Soul.3/RP3_Sounds_and_FX/RP3_Drum_Hits	D:\PROGRAMS\VST, Samples & DAW\LM - Reel People Broken Beat Nu Jazz And Soul.3\RP3_Sounds_and_FX\RP3_Drum_Hits	0	0	0	94	0	94
/mnt/workspace/PROGRAMS/VST, Samples & DAW/LM - Reel People Broken Beat Nu Jazz And Soul.3/RP3_Sounds_and_FX/RP3_FX	D:\PROGRAMS\VST, Samples & DAW\LM - Reel People Broken Beat Nu Jazz And Soul.3\RP3_Sounds_and_FX\RP3_FX	0	0	0	14	0	14
/mnt/workspace/PROGRAMS/VST, Samples & DAW/LM - Reel People Broken Beat Nu Jazz And Soul.3/RP3_Sounds_and_FX/RP3_Guitar_Hits	D:\PROGRAMS\VST, Samples & DAW\LM - Reel People Broken Beat Nu Jazz And Soul.3\RP3_Sounds_and_FX\RP3_Guitar_Hits	0	0	0	23	0	23
/mnt/workspace/PROGRAMS/VST, Samples & DAW/LM - Reel People Broken Beat Nu Jazz And Soul.3/RP3_Sounds_and_FX/RP3_Keys_Hits	D:\PROGRAMS\VST, Samples & DAW\LM - Reel People Broken Beat Nu Jazz And Soul.3\RP3_Sounds_and_FX\RP3_Keys_Hits	0	0	0	60	0	60
/mnt/workspace/PROGRAMS/VST, Samples & DAW/LM - Reel People Broken Beat Nu Jazz And Soul.3/RP3_Sounds_and_FX/RP3_Strings_Hits	D:\PROGRAMS\VST, Samples & DAW\LM - Reel People Broken Beat Nu Jazz And Soul.3\RP3_Sounds_and_FX\RP3_Strings_Hits	0	0	0	4	0	4
/mnt/workspace/PROGRAMS/VST, Samples & DAW/LM - Reel People Broken Beat Nu Jazz And Soul.3/RP3_Wav_Loops/RP3_Bass_Loops	D:\PROGRAMS\VST, Samples & DAW\LM - Reel People Broken Beat Nu Jazz And Soul.3\RP3_Wav_Loops\RP3_Bass_Loops	0	0	0	20	0	20
/mnt/workspace/PROGRAMS/VST, Samples & DAW/LM - Reel People Broken Beat Nu Jazz And Soul.3/RP3_Wav_Loops/RP3_Drum_Loops	D:\PROGRAMS\VST, Samples & DAW\LM - Reel People Broken Beat Nu Jazz And Soul.3\RP3_Wav_Loops\RP3_Drum_Loops	0	0	0	153	0	153
/mnt/workspace/PROGRAMS/VST, Samples & DAW/LM - Reel People Broken Beat Nu Jazz And Soul.3/RP3_Wav_Loops/RP3_Guitar_Loops	D:\PROGRAMS\VST, Samples & DAW\LM - Reel People Broken Beat Nu Jazz And Soul.3\RP3_Wav_Loops\RP3_Guitar_Loops	0	0	0	28	0	28
/mnt/workspace/PROGRAMS/VST, Samples & DAW/LM - Reel People Broken Beat Nu Jazz And Soul.3/RP3_Wav_Loops/RP3_Horns_Loops	D:\PROGRAMS\VST, Samples & DAW\LM - Reel People Broken Beat Nu Jazz And Soul.3\RP3_Wav_Loops\RP3_Horns_Loops	0	0	0	12	0	12
/mnt/workspace/PROGRAMS/VST, Samples & DAW/LM - Reel People Broken Beat Nu Jazz And Soul.3/RP3_Wav_Loops/RP3_Keys_Loops	D:\PROGRAMS\VST, Samples & DAW\LM - Reel People Broken Beat Nu Jazz And Soul.3\RP3_Wav_Loops\RP3_Keys_Loops	0	0	0	74	0	74
/mnt/workspace/PROGRAMS/VST, Samples & DAW/LM - Reel People Broken Beat Nu Jazz And Soul.3/RP3_Wav_Loops/RP3_Strings_Loops	D:\PROGRAMS\VST, Samples & DAW\LM - Reel People Broken Beat Nu Jazz And Soul.3\RP3_Wav_Loops\RP3_Strings_Loops	0	0	0	30	0	30
/mnt/workspace/PROGRAMS/VST, Samples & DAW/LM - Reel People Broken Beat Nu Jazz And Soul.4/RP4_REX/REEL_PEOPLE_VOL_4	D:\PROGRAMS\VST, Samples & DAW\LM - Reel People Broken Beat Nu Jazz And Soul.4\RP4_REX\REEL_PEOPLE_VOL_4	0	0	0	289	0	289
/mnt/workspace/PROGRAMS/VST, Samples & DAW/LM - Reel People Broken Beat Nu Jazz And Soul.4/RP4_SAMPLER_PATCHES/EXS24	D:\PROGRAMS\VST, Samples & DAW\LM - Reel People Broken Beat Nu Jazz And Soul.4\RP4_SAMPLER_PATCHES\EXS24	0	0	0	0	0	52
/mnt/workspace/PROGRAMS/VST, Samples & DAW/LM - Reel People Broken Beat Nu Jazz And Soul.4/RP4_SAMPLER_PATCHES/HALION	D:\PROGRAMS\VST, Samples & DAW\LM - Reel People Broken Beat Nu Jazz And Soul.4\RP4_SAMPLER_PATCHES\HALION	0	0	0	0	0	52
/mnt/workspace/PROGRAMS/VST, Samples & DAW/LM - Reel People Broken Beat Nu Jazz And Soul.4/RP4_SAMPLER_PATCHES/NNXT	D:\PROGRAMS\VST, Samples & DAW\LM - Reel People Broken Beat Nu Jazz And Soul.4\RP4_SAMPLER_PATCHES\NNXT	0	0	0	0	0	52
/mnt/workspace/PROGRAMS/VST, Samples & DAW/LM - Reel People Broken Beat Nu Jazz And Soul.4/RP4_SAMPLER_PATCHES/SFZ	D:\PROGRAMS\VST, Samples & DAW\LM - Reel People Broken Beat Nu Jazz And Soul.4\RP4_SAMPLER_PATCHES\SFZ	0	0	0	0	0	52
/mnt/workspace/PROGRAMS/VST, Samples & DAW/LM - Reel People Broken Beat Nu Jazz And Soul.4/RP4_SOUNDS_AND_FX/RP4_CHOIR_MULTI	D:\PROGRAMS\VST, Samples & DAW\LM - Reel People Broken Beat Nu Jazz And Soul.4\RP4_SOUNDS_AND_FX\RP4_CHOIR_MULTI	0	0	0	3	0	3
/mnt/workspace/PROGRAMS/VST, Samples & DAW/LM - Reel People Broken Beat Nu Jazz And Soul.4/RP4_SOUNDS_AND_FX/RP4_DRUM_FILLS	D:\PROGRAMS\VST, Samples & DAW\LM - Reel People Broken Beat Nu Jazz And Soul.4\RP4_SOUNDS_AND_FX\RP4_DRUM_FILLS	0	0	0	56	0	56
/mnt/workspace/PROGRAMS/VST, Samples & DAW/LM - Reel People Broken Beat Nu Jazz And Soul.4/RP4_SOUNDS_AND_FX/RP4_DRUM_HITS	D:\PROGRAMS\VST, Samples & DAW\LM - Reel People Broken Beat Nu Jazz And Soul.4\RP4_SOUNDS_AND_FX\RP4_DRUM_HITS	0	0	0	91	0	91
/mnt/workspace/PROGRAMS/VST, Samples & DAW/LM - Reel People Broken Beat Nu Jazz And Soul.4/RP4_SOUNDS_AND_FX/RP4_FX	D:\PROGRAMS\VST, Samples & DAW\LM - Reel People Broken Beat Nu Jazz And Soul.4\RP4_SOUNDS_AND_FX\RP4_FX	0	0	0	21	0	21
/mnt/workspace/PROGRAMS/VST, Samples & DAW/LM - Reel People Broken Beat Nu Jazz And Soul.4/RP4_SOUNDS_AND_FX/RP4_INST_SOUNDS_AND_STABS	D:\PROGRAMS\VST, Samples & DAW\LM - Reel People Broken Beat Nu Jazz And Soul.4\RP4_SOUNDS_AND_FX\RP4_INST_SOUNDS_AND_STABS	0	0	0	11	0	11
/mnt/workspace/PROGRAMS/VST, Samples & DAW/LM - Reel People Broken Beat Nu Jazz And Soul.4/RP4_SOUNDS_AND_FX/RP4_LIVE_BASS_HITS	D:\PROGRAMS\VST, Samples & DAW\LM - Reel People Broken Beat Nu Jazz And Soul.4\RP4_SOUNDS_AND_FX\RP4_LIVE_BASS_HITS	0	0	0	7	0	7
/mnt/workspace/PROGRAMS/VST, Samples & DAW/LM - Reel People Broken Beat Nu Jazz And Soul.4/RP4_SOUNDS_AND_FX/RP4_PERC_AMBIENCE_PHRASES	D:\PROGRAMS\VST, Samples & DAW\LM - Reel People Broken Beat Nu Jazz And Soul.4\RP4_SOUNDS_AND_FX\RP4_PERC_AMBIENCE_PHRASES	0	0	0	29	0	29
/mnt/workspace/PROGRAMS/VST, Samples & DAW/LM - Reel People Broken Beat Nu Jazz And Soul.4/RP4_SOUNDS_AND_FX/RP4_RIFFS_AND_PHRASES	D:\PROGRAMS\VST, Samples & DAW\LM - Reel People Broken Beat Nu Jazz And Soul.4\RP4_SOUNDS_AND_FX\RP4_RIFFS_AND_PHRASES	0	0	0	21	0	21
/mnt/workspace/PROGRAMS/VST, Samples & DAW/LM - Reel People Broken Beat Nu Jazz And Soul.4/RP4_SOUNDS_AND_FX/RP4_SYNTH_BASS_MULTIS	D:\PROGRAMS\VST, Samples & DAW\LM - Reel People Broken Beat Nu Jazz And Soul.4\RP4_SOUNDS_AND_FX\RP4_SYNTH_BASS_MULTIS	0	0	0	8	0	8
/mnt/workspace/PROGRAMS/VST, Samples & DAW/LM - Reel People Broken Beat Nu Jazz And Soul.4/RP4_WAV_LOOPS/RP4_ACOUSTIC_GUITAR_LPS_100bpm	D:\PROGRAMS\VST, Samples & DAW\LM - Reel People Broken Beat Nu Jazz And Soul.4\RP4_WAV_LOOPS\RP4_ACOUSTIC_GUITAR_LPS_100bpm	0	0	0	7	0	7
/mnt/workspace/PROGRAMS/VST, Samples & DAW/LM - Reel People Broken Beat Nu Jazz And Soul.4/RP4_WAV_LOOPS/RP4_BASS_LPS_100-127bpm	D:\PROGRAMS\VST, Samples & DAW\LM - Reel People Broken Beat Nu Jazz And Soul.4\RP4_WAV_LOOPS\RP4_BASS_LPS_100-127bpm	0	0	0	53	0	53
/mnt/workspace/PROGRAMS/VST, Samples & DAW/LM - Reel People Broken Beat Nu Jazz And Soul.4/RP4_WAV_LOOPS/RP4_DRUM_LPS_100-131bpm	D:\PROGRAMS\VST, Samples & DAW\LM - Reel People Broken Beat Nu Jazz And Soul.4\RP4_WAV_LOOPS\RP4_DRUM_LPS_100-131bpm	0	0	0	82	0	82
/mnt/workspace/PROGRAMS/VST, Samples & DAW/LM - Reel People Broken Beat Nu Jazz And Soul.4/RP4_WAV_LOOPS/RP4_ELECTRIC_GUITAR_LPS_100-131bpm	D:\PROGRAMS\VST, Samples & DAW\LM - Reel People Broken Beat Nu Jazz And Soul.4\RP4_WAV_LOOPS\RP4_ELECTRIC_GUITAR_LPS_100-131bpm	0	0	0	34	0	34
/mnt/workspace/PROGRAMS/VST, Samples & DAW/LM - Reel People Broken Beat Nu Jazz And Soul.4/RP4_WAV_LOOPS/RP4_FLUTE_LPS_120bpm	D:\PROGRAMS\VST, Samples & DAW\LM - Reel People Broken Beat Nu Jazz And Soul.4\RP4_WAV_LOOPS\RP4_FLUTE_LPS_120bpm	0	0	0	3	0	3
/mnt/workspace/PROGRAMS/VST, Samples & DAW/LM - Reel People Broken Beat Nu Jazz And Soul.4/RP4_WAV_LOOPS/RP4_GUITAR_FILLS_100bpm	D:\PROGRAMS\VST, Samples & DAW\LM - Reel People Broken Beat Nu Jazz And Soul.4\RP4_WAV_LOOPS\RP4_GUITAR_FILLS_100bpm	0	0	0	14	0	14
/mnt/workspace/PROGRAMS/VST, Samples & DAW/LM - Reel People Broken Beat Nu Jazz And Soul.4/RP4_WAV_LOOPS/RP4_ORGAN_LPS_100-109bpm	D:\PROGRAMS\VST, Samples & DAW\LM - Reel People Broken Beat Nu Jazz And Soul.4\RP4_WAV_LOOPS\RP4_ORGAN_LPS_100-109bpm	0	0	0	15	0	15
/mnt/workspace/PROGRAMS/VST, Samples & DAW/LM - Reel People Broken Beat Nu Jazz And Soul.4/RP4_WAV_LOOPS/RP4_PIANO_LPS_100-125bpm	D:\PROGRAMS\VST, Samples & DAW\LM - Reel People Broken Beat Nu Jazz And Soul.4\RP4_WAV_LOOPS\RP4_PIANO_LPS_100-125bpm	0	0	0	6	0	6
/mnt/workspace/PROGRAMS/VST, Samples & DAW/LM - Reel People Broken Beat Nu Jazz And Soul.4/RP4_WAV_LOOPS/RP4_RHODES_LPS_100-131bpm	D:\PROGRAMS\VST, Samples & DAW\LM - Reel People Broken Beat Nu Jazz And Soul.4\RP4_WAV_LOOPS\RP4_RHODES_LPS_100-131bpm	0	0	0	26	0	26
/mnt/workspace/PROGRAMS/VST, Samples & DAW/LM - Reel People Broken Beat Nu Jazz And Soul.4/RP4_WAV_LOOPS/RP4_STRING_LPS_100-108	D:\PROGRAMS\VST, Samples & DAW\LM - Reel People Broken Beat Nu Jazz And Soul.4\RP4_WAV_LOOPS\RP4_STRING_LPS_100-108	0	0	0	5	0	5
/mnt/workspace/PROGRAMS/VST, Samples & DAW/LM - Reel People Broken Beat Nu Jazz And Soul.4/RP4_WAV_LOOPS/RP4_SYNTH_LPS_108-131bpm	D:\PROGRAMS\VST, Samples & DAW\LM - Reel People Broken Beat Nu Jazz And Soul.4\RP4_WAV_LOOPS\RP4_SYNTH_LPS_108-131bpm	0	0	0	31	0	31
/mnt/workspace/PROGRAMS/VST, Samples & DAW/LM - Reel People Broken Beat Nu Jazz And Soul.5/RP5_LogicXDemoTemplate/Reel People Vol. 5 Demo (Logic X Template)	D:\PROGRAMS\VST, Samples & DAW\LM - Reel People Broken Beat Nu Jazz And Soul.5\RP5_LogicXDemoTemplate\Reel People Vol. 5 Demo (Logic X Template)	0	0	0	106	0	119
/mnt/workspace/PROGRAMS/VST, Samples & DAW/LM - Reel People Broken Beat Nu Jazz And Soul.5/RP5_REX_FILES/REEL_PEOPLE_05	D:\PROGRAMS\VST, Samples & DAW\LM - Reel People Broken Beat Nu Jazz And Soul.5\RP5_REX_FILES\REEL_PEOPLE_05	0	0	0	392	0	392
/mnt/workspace/PROGRAMS/VST, Samples & DAW/LM - Reel People Broken Beat Nu Jazz And Soul.5/RP5_SAMPLER_PATCHES/EXS24	D:\PROGRAMS\VST, Samples & DAW\LM - Reel People Broken Beat Nu Jazz And Soul.5\RP5_SAMPLER_PATCHES\EXS24	0	0	0	0	0	73
/mnt/workspace/PROGRAMS/VST, Samples & DAW/LM - Reel People Broken Beat Nu Jazz And Soul.5/RP5_SAMPLER_PATCHES/HALION	D:\PROGRAMS\VST, Samples & DAW\LM - Reel People Broken Beat Nu Jazz And Soul.5\RP5_SAMPLER_PATCHES\HALION	0	0	0	0	0	73
/mnt/workspace/PROGRAMS/VST, Samples & DAW/LM - Reel People Broken Beat Nu Jazz And Soul.5/RP5_SAMPLER_PATCHES/KONG	D:\PROGRAMS\VST, Samples & DAW\LM - Reel People Broken Beat Nu Jazz And Soul.5\RP5_SAMPLER_PATCHES\KONG	0	0	0	0	0	8
/mnt/workspace/PROGRAMS/VST, Samples & DAW/LM - Reel People Broken Beat Nu Jazz And Soul.5/RP5_SAMPLER_PATCHES/NNXT	D:\PROGRAMS\VST, Samples & DAW\LM - Reel People Broken Beat Nu Jazz And Soul.5\RP5_SAMPLER_PATCHES\NNXT	0	0	0	0	0	73
/mnt/workspace/PROGRAMS/VST, Samples & DAW/LM - Reel People Broken Beat Nu Jazz And Soul.5/RP5_SAMPLER_PATCHES/SFZ	D:\PROGRAMS\VST, Samples & DAW\LM - Reel People Broken Beat Nu Jazz And Soul.5\RP5_SAMPLER_PATCHES\SFZ	0	0	0	0	0	73
/mnt/workspace/PROGRAMS/VST, Samples & DAW/LM - Reel People Broken Beat Nu Jazz And Soul.5/RP5_SOUNDS_AND_FX/RP5_DRUM_HITS	D:\PROGRAMS\VST, Samples & DAW\LM - Reel People Broken Beat Nu Jazz And Soul.5\RP5_SOUNDS_AND_FX\RP5_DRUM_HITS	0	0	0	152	0	152
/mnt/workspace/PROGRAMS/VST, Samples & DAW/LM - Reel People Broken Beat Nu Jazz And Soul.5/RP5_SOUNDS_AND_FX/RP5_ELECTRIC_BASS_HITS	D:\PROGRAMS\VST, Samples & DAW\LM - Reel People Broken Beat Nu Jazz And Soul.5\RP5_SOUNDS_AND_FX\RP5_ELECTRIC_BASS_HITS	0	0	0	8	0	8
/mnt/workspace/PROGRAMS/VST, Samples & DAW/LM - Reel People Broken Beat Nu Jazz And Soul.5/RP5_SOUNDS_AND_FX/RP5_ELECTRIC_GUITAR_HITS	D:\PROGRAMS\VST, Samples & DAW\LM - Reel People Broken Beat Nu Jazz And Soul.5\RP5_SOUNDS_AND_FX\RP5_ELECTRIC_GUITAR_HITS	0	0	0	11	0	11
/mnt/workspace/PROGRAMS/VST, Samples & DAW/LM - Reel People Broken Beat Nu Jazz And Soul.5/RP5_SOUNDS_AND_FX/RP5_FX	D:\PROGRAMS\VST, Samples & DAW\LM - Reel People Broken Beat Nu Jazz And Soul.5\RP5_SOUNDS_AND_FX\RP5_FX	0	0	0	31	0	31
/mnt/workspace/PROGRAMS/VST, Samples & DAW/LM - Reel People Broken Beat Nu Jazz And Soul.5/RP5_SOUNDS_AND_FX/RP5_KEY_STABS	D:\PROGRAMS\VST, Samples & DAW\LM - Reel People Broken Beat Nu Jazz And Soul.5\RP5_SOUNDS_AND_FX\RP5_KEY_STABS	0	0	0	22	0	22
/mnt/workspace/PROGRAMS/VST, Samples & DAW/LM - Reel People Broken Beat Nu Jazz And Soul.5/RP5_SOUNDS_AND_FX/RP5_SYNTH_BASS_HITS	D:\PROGRAMS\VST, Samples & DAW\LM - Reel People Broken Beat Nu Jazz And Soul.5\RP5_SOUNDS_AND_FX\RP5_SYNTH_BASS_HITS	0	0	0	15	0	15
/mnt/workspace/PROGRAMS/VST, Samples & DAW/LM - Reel People Broken Beat Nu Jazz And Soul.5/RP5_WAV_LOOPS/RP5_BASS_LPS	D:\PROGRAMS\VST, Samples & DAW\LM - Reel People Broken Beat Nu Jazz And Soul.5\RP5_WAV_LOOPS\RP5_BASS_LPS	0	0	0	35	0	35
/mnt/workspace/PROGRAMS/VST, Samples & DAW/LM - Reel People Broken Beat Nu Jazz And Soul.5/RP5_WAV_LOOPS/RP5_DRUM_LPS	D:\PROGRAMS\VST, Samples & DAW\LM - Reel People Broken Beat Nu Jazz And Soul.5\RP5_WAV_LOOPS\RP5_DRUM_LPS	0	0	0	142	0	142
/mnt/workspace/PROGRAMS/VST, Samples & DAW/LM - Reel People Broken Beat Nu Jazz And Soul.5/RP5_WAV_LOOPS/RP5_GUITAR_LPS	D:\PROGRAMS\VST, Samples & DAW\LM - Reel People Broken Beat Nu Jazz And Soul.5\RP5_WAV_LOOPS\RP5_GUITAR_LPS	0	0	0	112	0	112
/mnt/workspace/PROGRAMS/VST, Samples & DAW/LM - Reel People Broken Beat Nu Jazz And Soul.5/RP5_WAV_LOOPS/RP5_KEY_LPS	D:\PROGRAMS\VST, Samples & DAW\LM - Reel People Broken Beat Nu Jazz And Soul.5\RP5_WAV_LOOPS\RP5_KEY_LPS	0	0	0	103	0	103
/mnt/workspace/PROGRAMS/VST, Samples & DAW/Mastering.The.Mix.Bundle.v1.4m.FIXED.NEW.WIN-MORiA/MORiA/STANDALONE	D:\PROGRAMS\VST, Samples & DAW\Mastering.The.Mix.Bundle.v1.4m.FIXED.NEW.WIN-MORiA\MORiA\STANDALONE	0	0	0	0	0	1
/mnt/workspace/PROGRAMS/VST, Samples & DAW/Native Instruments EFFECTS SERIES Crush Pack 1.1.0/Native.Instruments.Bite.v1.1.0.Incl.Patched.and.Keygen-R2R/data	D:\PROGRAMS\VST, Samples & DAW\Native Instruments EFFECTS SERIES Crush Pack 1.1.0\Native.Instruments.Bite.v1.1.0.Incl.Patched.and.Keygen-R2R\data	0	0	0	0	11	118
/mnt/workspace/PROGRAMS/VST, Samples & DAW/Native Instruments EFFECTS SERIES Crush Pack 1.1.0/Native.Instruments.Bite.v1.1.0.Incl.Patched.and.Keygen-R2R/R2R	D:\PROGRAMS\VST, Samples & DAW\Native Instruments EFFECTS SERIES Crush Pack 1.1.0\Native.Instruments.Bite.v1.1.0.Incl.Patched.and.Keygen-R2R\R2R	0	0	0	0	0	1
/mnt/workspace/PROGRAMS/VST, Samples & DAW/Native Instruments EFFECTS SERIES Crush Pack 1.1.0/Native.Instruments.Dirt.v1.1.0.Incl.Patched.and.Keygen-R2R/data	D:\PROGRAMS\VST, Samples & DAW\Native Instruments EFFECTS SERIES Crush Pack 1.1.0\Native.Instruments.Dirt.v1.1.0.Incl.Patched.and.Keygen-R2R\data	0	0	0	0	11	111
/mnt/workspace/PROGRAMS/VST, Samples & DAW/Native Instruments EFFECTS SERIES Crush Pack 1.1.0/Native.Instruments.Dirt.v1.1.0.Incl.Patched.and.Keygen-R2R/R2R	D:\PROGRAMS\VST, Samples & DAW\Native Instruments EFFECTS SERIES Crush Pack 1.1.0\Native.Instruments.Dirt.v1.1.0.Incl.Patched.and.Keygen-R2R\R2R	0	0	0	0	0	1
/mnt/workspace/PROGRAMS/VST, Samples & DAW/Native Instruments EFFECTS SERIES Crush Pack 1.1.0/Native.Instruments.Freak.v1.1.0.Incl.Patched.and.Keygen-R2R/data	D:\PROGRAMS\VST, Samples & DAW\Native Instruments EFFECTS SERIES Crush Pack 1.1.0\Native.Instruments.Freak.v1.1.0.Incl.Patched.and.Keygen-R2R\data	0	0	0	0	11	116
/mnt/workspace/PROGRAMS/VST, Samples & DAW/Native Instruments EFFECTS SERIES Crush Pack 1.1.0/Native.Instruments.Freak.v1.1.0.Incl.Patched.and.Keygen-R2R/R2R	D:\PROGRAMS\VST, Samples & DAW\Native Instruments EFFECTS SERIES Crush Pack 1.1.0\Native.Instruments.Freak.v1.1.0.Incl.Patched.and.Keygen-R2R\R2R	0	0	0	0	0	1
/mnt/workspace/PROGRAMS/VST, Samples & DAW/Native Instruments Effects Series Mod Pack 1.1.0/Native.Instruments.Choral.v1.1.0.Incl.Patched.and.Keygen-R2R/data	D:\PROGRAMS\VST, Samples & DAW\Native Instruments Effects Series Mod Pack 1.1.0\Native.Instruments.Choral.v1.1.0.Incl.Patched.and.Keygen-R2R\data	0	0	0	0	11	90
/mnt/workspace/PROGRAMS/VST, Samples & DAW/Native Instruments Effects Series Mod Pack 1.1.0/Native.Instruments.Choral.v1.1.0.Incl.Patched.and.Keygen-R2R/R2R	D:\PROGRAMS\VST, Samples & DAW\Native Instruments Effects Series Mod Pack 1.1.0\Native.Instruments.Choral.v1.1.0.Incl.Patched.and.Keygen-R2R\R2R	0	0	0	0	0	1
/mnt/workspace/PROGRAMS/VST, Samples & DAW/Native Instruments Effects Series Mod Pack 1.1.0/Native.Instruments.Flair.v1.1.0.Incl.Patched.and.Keygen-R2R/data	D:\PROGRAMS\VST, Samples & DAW\Native Instruments Effects Series Mod Pack 1.1.0\Native.Instruments.Flair.v1.1.0.Incl.Patched.and.Keygen-R2R\data	0	0	0	0	11	93
/mnt/workspace/PROGRAMS/VST, Samples & DAW/Native Instruments Effects Series Mod Pack 1.1.0/Native.Instruments.Flair.v1.1.0.Incl.Patched.and.Keygen-R2R/R2R	D:\PROGRAMS\VST, Samples & DAW\Native Instruments Effects Series Mod Pack 1.1.0\Native.Instruments.Flair.v1.1.0.Incl.Patched.and.Keygen-R2R\R2R	0	0	0	0	0	1
/mnt/workspace/PROGRAMS/VST, Samples & DAW/Native Instruments Effects Series Mod Pack 1.1.0/Native.Instruments.Phasis.v1.1.0.Incl.Patched.and.Keygen-R2R/data	D:\PROGRAMS\VST, Samples & DAW\Native Instruments Effects Series Mod Pack 1.1.0\Native.Instruments.Phasis.v1.1.0.Incl.Patched.and.Keygen-R2R\data	0	0	0	0	11	90
/mnt/workspace/PROGRAMS/VST, Samples & DAW/Native Instruments Effects Series Mod Pack 1.1.0/Native.Instruments.Phasis.v1.1.0.Incl.Patched.and.Keygen-R2R/R2R	D:\PROGRAMS\VST, Samples & DAW\Native Instruments Effects Series Mod Pack 1.1.0\Native.Instruments.Phasis.v1.1.0.Incl.Patched.and.Keygen-R2R\R2R	0	0	0	0	0	1
/mnt/workspace/PROGRAMS/VST, Samples & DAW/Native.Instruments.Kontakt.v6.3.1.WiN/patch/app	D:\PROGRAMS\VST, Samples & DAW\Native.Instruments.Kontakt.v6.3.1.WiN\patch\app	0	0	0	0	0	2
/mnt/workspace/PROGRAMS/VST, Samples & DAW/Native.Instruments.Kontakt.v6.3.1.WiN/patch/Common Files	D:\PROGRAMS\VST, Samples & DAW\Native.Instruments.Kontakt.v6.3.1.WiN\patch\Common Files	0	0	0	0	2	162
/mnt/workspace/PROGRAMS/VST, Samples & DAW/NEURAL DSP BUNDLE/Neural DSP/C	D:\PROGRAMS\VST, Samples & DAW\NEURAL DSP BUNDLE\Neural DSP\C	0	0	0	178	0	998
/mnt/workspace/PROGRAMS/VST, Samples & DAW/NovationLoopmastersSamples/LOOPMASTERS 4Gig Pack/LOOPMASTERS_2014	D:\PROGRAMS\VST, Samples & DAW\NovationLoopmastersSamples\LOOPMASTERS 4Gig Pack\LOOPMASTERS_2014	0	0	0	723	0	772
/mnt/workspace/PROGRAMS/VST, Samples & DAW/NovationLoopmastersSamples/LOOPMASTERS 4Gig Pack/LOOPMASTERS_2015	D:\PROGRAMS\VST, Samples & DAW\NovationLoopmastersSamples\LOOPMASTERS 4Gig Pack\LOOPMASTERS_2015	0	0	0	819	0	856
/mnt/workspace/PROGRAMS/VST, Samples & DAW/NovationLoopmastersSamples/LOOPMASTERS 4Gig Pack/LOOPMASTERS_2016	D:\PROGRAMS\VST, Samples & DAW\NovationLoopmastersSamples\LOOPMASTERS 4Gig Pack\LOOPMASTERS_2016	0	0	0	641	0	645
/mnt/workspace/PROGRAMS/VST, Samples & DAW/OriginLab/Origin2023b	D:\PROGRAMS\VST, Samples & DAW\OriginLab\Origin2023b	0	0	0	3	231	7691
/mnt/workspace/PROGRAMS/VST, Samples & DAW/OriginLab/User Files/Autosave	D:\PROGRAMS\VST, Samples & DAW\OriginLab\User Files\Autosave	0	0	0	0	0	1
/mnt/workspace/PROGRAMS/VST, Samples & DAW/OriginLab/User Files/Backup	D:\PROGRAMS\VST, Samples & DAW\OriginLab\User Files\Backup	0	0	0	0	0	0
/mnt/workspace/PROGRAMS/VST, Samples & DAW/OriginLab/User Files/Origin Folder.lnk	D:\PROGRAMS\VST, Samples & DAW\OriginLab\User Files\Origin Folder.lnk	0	0	0	0	0	2
/mnt/workspace/PROGRAMS/VST, Samples & DAW/OriginLab/User Files/Origin Samples Folder.lnk	D:\PROGRAMS\VST, Samples & DAW\OriginLab\User Files\Origin Samples Folder.lnk	0	0	0	0	0	2
/mnt/workspace/PROGRAMS/VST, Samples & DAW/OriginLab/User Files/Unsaved	D:\PROGRAMS\VST, Samples & DAW\OriginLab\User Files\Unsaved	0	0	0	0	0	1
/mnt/workspace/PROGRAMS/VST, Samples & DAW/Sample Magic - SM18 Ultimate FX/falls & descenders/falls - 125bpm	D:\PROGRAMS\VST, Samples & DAW\Sample Magic - SM18 Ultimate FX\falls & descenders\falls - 125bpm	0	0	0	55	0	55
/mnt/workspace/PROGRAMS/VST, Samples & DAW/Sample Magic - SM18 Ultimate FX/falls & descenders/falls - 128bpm	D:\PROGRAMS\VST, Samples & DAW\Sample Magic - SM18 Ultimate FX\falls & descenders\falls - 128bpm	0	0	0	50	0	50
/mnt/workspace/PROGRAMS/VST, Samples & DAW/Sample Magic - SM18 Ultimate FX/fills/classic fills	D:\PROGRAMS\VST, Samples & DAW\Sample Magic - SM18 Ultimate FX\fills\classic fills	0	0	0	46	0	46
/mnt/workspace/PROGRAMS/VST, Samples & DAW/Sample Magic - SM18 Ultimate FX/fills/glitch fills	D:\PROGRAMS\VST, Samples & DAW\Sample Magic - SM18 Ultimate FX\fills\glitch fills	0	0	0	43	0	43
/mnt/workspace/PROGRAMS/VST, Samples & DAW/Sample Magic - SM18 Ultimate FX/fills/nu-rave fills	D:\PROGRAMS\VST, Samples & DAW\Sample Magic - SM18 Ultimate FX\fills\nu-rave fills	0	0	0	48	0	48
/mnt/workspace/PROGRAMS/VST, Samples & DAW/Sample Magic - SM18 Ultimate FX/fills/twisted vox fills	D:\PROGRAMS\VST, Samples & DAW\Sample Magic - SM18 Ultimate FX\fills\twisted vox fills	0	0	0	36	0	36
/mnt/workspace/PROGRAMS/VST, Samples & DAW/Sample Magic - SM18 Ultimate FX/machinery hits/125 bpm	D:\PROGRAMS\VST, Samples & DAW\Sample Magic - SM18 Ultimate FX\machinery hits\125 bpm	0	0	0	13	0	13
/mnt/workspace/PROGRAMS/VST, Samples & DAW/Sample Magic - SM18 Ultimate FX/machinery hits/128 bpm	D:\PROGRAMS\VST, Samples & DAW\Sample Magic - SM18 Ultimate FX\machinery hits\128 bpm	0	0	0	9	0	9
/mnt/workspace/PROGRAMS/VST, Samples & DAW/Sample Magic - SM18 Ultimate FX/noise & detail loops/noise & detail loops - 125bpm	D:\PROGRAMS\VST, Samples & DAW\Sample Magic - SM18 Ultimate FX\noise & detail loops\noise & detail loops - 125bpm	0	0	0	17	0	17
/mnt/workspace/PROGRAMS/VST, Samples & DAW/Sample Magic - SM18 Ultimate FX/noise & detail loops/noise & detail loops - 128bpm	D:\PROGRAMS\VST, Samples & DAW\Sample Magic - SM18 Ultimate FX\noise & detail loops\noise & detail loops - 128bpm	0	0	0	19	0	19
/mnt/workspace/PROGRAMS/VST, Samples & DAW/Sample Magic - SM18 Ultimate FX/risers & lifters/risers & lifters - 125bpm	D:\PROGRAMS\VST, Samples & DAW\Sample Magic - SM18 Ultimate FX\risers & lifters\risers & lifters - 125bpm	0	0	0	55	0	55
/mnt/workspace/PROGRAMS/VST, Samples & DAW/Sample Magic - SM18 Ultimate FX/risers & lifters/risers & lifters - 128bpm	D:\PROGRAMS\VST, Samples & DAW\Sample Magic - SM18 Ultimate FX\risers & lifters\risers & lifters - 128bpm	0	0	0	63	0	63
/mnt/workspace/PROGRAMS/VST, Samples & DAW/Sample Magic - SM18 Ultimate FX/synth fx/chords	D:\PROGRAMS\VST, Samples & DAW\Sample Magic - SM18 Ultimate FX\synth fx\chords	0	0	0	34	0	34
/mnt/workspace/PROGRAMS/VST, Samples & DAW/Sample Magic - SM18 Ultimate FX/synth fx/reverse	D:\PROGRAMS\VST, Samples & DAW\Sample Magic - SM18 Ultimate FX\synth fx\reverse	0	0	0	25	0	25
/mnt/workspace/PROGRAMS/VST, Samples & DAW/Sample Magic - SM18 Ultimate FX/synth fx/single	D:\PROGRAMS\VST, Samples & DAW\Sample Magic - SM18 Ultimate FX\synth fx\single	0	0	0	43	0	43
/mnt/workspace/PROGRAMS/VST, Samples & DAW/SL-SuperiorDrummer3_SDX_Part2/ALL_Contents_Part2_100/Contents	D:\PROGRAMS\VST, Samples & DAW\SL-SuperiorDrummer3_SDX_Part2\ALL_Contents_Part2_100\Contents	0	0	0	0	0	2
/mnt/workspace/PROGRAMS/VST, Samples & DAW/SL-SuperiorDrummer3_SDX_Part2/Contents/SL-SuperiorDrummer3	D:\PROGRAMS\VST, Samples & DAW\SL-SuperiorDrummer3_SDX_Part2\Contents\SL-SuperiorDrummer3	0	0	0	0	0	31
/mnt/workspace/PROGRAMS/VST, Samples & DAW/SL-SuperiorDrummer3_SDX_Part5/ALL_Contents_Part5_100/Contents	D:\PROGRAMS\VST, Samples & DAW\SL-SuperiorDrummer3_SDX_Part5\ALL_Contents_Part5_100\Contents	0	0	0	0	0	2
/mnt/workspace/PROGRAMS/VST, Samples & DAW/SL-SuperiorDrummer3_SDX_Part5/Contents/SL-SuperiorDrummer3	D:\PROGRAMS\VST, Samples & DAW\SL-SuperiorDrummer3_SDX_Part5\Contents\SL-SuperiorDrummer3	0	0	0	0	0	39
/mnt/workspace/PROGRAMS/VST, Samples & DAW/SL-Toontrack-SuperiorDrummer3 SDX Part3/ALL_Contents_Part3_100/Contents	D:\PROGRAMS\VST, Samples & DAW\SL-Toontrack-SuperiorDrummer3 SDX Part3\ALL_Contents_Part3_100\Contents	0	0	0	0	0	2
/mnt/workspace/PROGRAMS/VST, Samples & DAW/SL-Toontrack-SuperiorDrummer3 SDX Part3/Contents/SL-SuperiorDrummer3	D:\PROGRAMS\VST, Samples & DAW\SL-Toontrack-SuperiorDrummer3 SDX Part3\Contents\SL-SuperiorDrummer3	0	0	0	0	0	28
/mnt/workspace/PROGRAMS/VST, Samples & DAW/SL-Toontrack-SuperiorDrummer3 SDX Part4/ALL_Contents_Part4_100/Contents	D:\PROGRAMS\VST, Samples & DAW\SL-Toontrack-SuperiorDrummer3 SDX Part4\ALL_Contents_Part4_100\Contents	0	0	0	0	0	2
/mnt/workspace/PROGRAMS/VST, Samples & DAW/SL-Toontrack-SuperiorDrummer3 SDX Part4/Contents/SL-SuperiorDrummer3	D:\PROGRAMS\VST, Samples & DAW\SL-Toontrack-SuperiorDrummer3 SDX Part4\Contents\SL-SuperiorDrummer3	0	0	0	0	0	37
/mnt/workspace/PROGRAMS/VST, Samples & DAW/Sonarworks.Reference.4.Studio.Edition.v4.4.2.Incl.Patched.and.Keygen-R2R/R2R/Headphone Profile Source	D:\PROGRAMS\VST, Samples & DAW\Sonarworks.Reference.4.Studio.Edition.v4.4.2.Incl.Patched.and.Keygen-R2R\R2R\Headphone Profile Source	0	0	0	0	0	276
/mnt/workspace/PROGRAMS/VST, Samples & DAW/Sonarworks.Reference.4.Studio.Edition.v4.4.2.Incl.Patched.and.Keygen-R2R/R2R/R2R	D:\PROGRAMS\VST, Samples & DAW\Sonarworks.Reference.4.Studio.Edition.v4.4.2.Incl.Patched.and.Keygen-R2R\R2R\R2R	0	0	0	0	3	9
/mnt/workspace/PROGRAMS/VST, Samples & DAW/Sonic Mechanics - Classic Guitar Licks/REX/BASS 110	D:\PROGRAMS\VST, Samples & DAW\Sonic Mechanics - Classic Guitar Licks\REX\BASS 110	0	0	0	12	0	12
/mnt/workspace/PROGRAMS/VST, Samples & DAW/Sonic Mechanics - Classic Guitar Licks/REX/BASS 120	D:\PROGRAMS\VST, Samples & DAW\Sonic Mechanics - Classic Guitar Licks\REX\BASS 120	0	0	0	12	0	12
/mnt/workspace/PROGRAMS/VST, Samples & DAW/Sonic Mechanics - Classic Guitar Licks/REX/BASS 140	D:\PROGRAMS\VST, Samples & DAW\Sonic Mechanics - Classic Guitar Licks\REX\BASS 140	0	0	0	12	0	12
/mnt/workspace/PROGRAMS/VST, Samples & DAW/Sonic Mechanics - Classic Guitar Licks/REX/BASS 175	D:\PROGRAMS\VST, Samples & DAW\Sonic Mechanics - Classic Guitar Licks\REX\BASS 175	0	0	0	12	0	12
/mnt/workspace/PROGRAMS/VST, Samples & DAW/Sonic Mechanics - Classic Guitar Licks/REX/BASS 80	D:\PROGRAMS\VST, Samples & DAW\Sonic Mechanics - Classic Guitar Licks\REX\BASS 80	0	0	0	12	0	12
/mnt/workspace/PROGRAMS/VST, Samples & DAW/Sonic Mechanics - Classic Guitar Licks/REX/BASS 96	D:\PROGRAMS\VST, Samples & DAW\Sonic Mechanics - Classic Guitar Licks\REX\BASS 96	0	0	0	10	0	10
/mnt/workspace/PROGRAMS/VST, Samples & DAW/Sonic Mechanics - Classic Guitar Licks/REX/GUITAR 110	D:\PROGRAMS\VST, Samples & DAW\Sonic Mechanics - Classic Guitar Licks\REX\GUITAR 110	0	0	0	12	0	12
/mnt/workspace/PROGRAMS/VST, Samples & DAW/Sonic Mechanics - Classic Guitar Licks/REX/GUITAR 120	D:\PROGRAMS\VST, Samples & DAW\Sonic Mechanics - Classic Guitar Licks\REX\GUITAR 120	0	0	0	12	0	12
/mnt/workspace/PROGRAMS/VST, Samples & DAW/Sonic Mechanics - Classic Guitar Licks/REX/GUITAR 140	D:\PROGRAMS\VST, Samples & DAW\Sonic Mechanics - Classic Guitar Licks\REX\GUITAR 140	0	0	0	12	0	12
/mnt/workspace/PROGRAMS/VST, Samples & DAW/Sonic Mechanics - Classic Guitar Licks/REX/GUITAR 175	D:\PROGRAMS\VST, Samples & DAW\Sonic Mechanics - Classic Guitar Licks\REX\GUITAR 175	0	0	0	12	0	12
/mnt/workspace/PROGRAMS/VST, Samples & DAW/Sonic Mechanics - Classic Guitar Licks/REX/GUITAR 80	D:\PROGRAMS\VST, Samples & DAW\Sonic Mechanics - Classic Guitar Licks\REX\GUITAR 80	0	0	0	12	0	12
/mnt/workspace/PROGRAMS/VST, Samples & DAW/Sonic Mechanics - Classic Guitar Licks/REX/GUITAR 96	D:\PROGRAMS\VST, Samples & DAW\Sonic Mechanics - Classic Guitar Licks\REX\GUITAR 96	0	0	0	10	0	10
/mnt/workspace/PROGRAMS/VST, Samples & DAW/Sonic Mechanics - Classic Guitar Licks/WAV/BASS 110	D:\PROGRAMS\VST, Samples & DAW\Sonic Mechanics - Classic Guitar Licks\WAV\BASS 110	0	0	0	12	0	12
/mnt/workspace/PROGRAMS/VST, Samples & DAW/Sonic Mechanics - Classic Guitar Licks/WAV/BASS 120	D:\PROGRAMS\VST, Samples & DAW\Sonic Mechanics - Classic Guitar Licks\WAV\BASS 120	0	0	0	12	0	12
/mnt/workspace/PROGRAMS/VST, Samples & DAW/Sonic Mechanics - Classic Guitar Licks/WAV/BASS 140	D:\PROGRAMS\VST, Samples & DAW\Sonic Mechanics - Classic Guitar Licks\WAV\BASS 140	0	0	0	12	0	12
/mnt/workspace/PROGRAMS/VST, Samples & DAW/Sonic Mechanics - Classic Guitar Licks/WAV/BASS 175	D:\PROGRAMS\VST, Samples & DAW\Sonic Mechanics - Classic Guitar Licks\WAV\BASS 175	0	0	0	12	0	12
/mnt/workspace/PROGRAMS/VST, Samples & DAW/Sonic Mechanics - Classic Guitar Licks/WAV/BASS 80	D:\PROGRAMS\VST, Samples & DAW\Sonic Mechanics - Classic Guitar Licks\WAV\BASS 80	0	0	0	12	0	12
/mnt/workspace/PROGRAMS/VST, Samples & DAW/Sonic Mechanics - Classic Guitar Licks/WAV/BASS 96	D:\PROGRAMS\VST, Samples & DAW\Sonic Mechanics - Classic Guitar Licks\WAV\BASS 96	0	0	0	10	0	10
/mnt/workspace/PROGRAMS/VST, Samples & DAW/Sonic Mechanics - Classic Guitar Licks/WAV/GUITAR 110	D:\PROGRAMS\VST, Samples & DAW\Sonic Mechanics - Classic Guitar Licks\WAV\GUITAR 110	0	0	0	12	0	12
/mnt/workspace/PROGRAMS/VST, Samples & DAW/Sonic Mechanics - Classic Guitar Licks/WAV/GUITAR 120	D:\PROGRAMS\VST, Samples & DAW\Sonic Mechanics - Classic Guitar Licks\WAV\GUITAR 120	0	0	0	12	0	12
/mnt/workspace/PROGRAMS/VST, Samples & DAW/Sonic Mechanics - Classic Guitar Licks/WAV/GUITAR 140	D:\PROGRAMS\VST, Samples & DAW\Sonic Mechanics - Classic Guitar Licks\WAV\GUITAR 140	0	0	0	12	0	12
/mnt/workspace/PROGRAMS/VST, Samples & DAW/Sonic Mechanics - Classic Guitar Licks/WAV/GUITAR 175	D:\PROGRAMS\VST, Samples & DAW\Sonic Mechanics - Classic Guitar Licks\WAV\GUITAR 175	0	0	0	12	0	12
/mnt/workspace/PROGRAMS/VST, Samples & DAW/Sonic Mechanics - Classic Guitar Licks/WAV/GUITAR 80	D:\PROGRAMS\VST, Samples & DAW\Sonic Mechanics - Classic Guitar Licks\WAV\GUITAR 80	0	0	0	12	0	12
/mnt/workspace/PROGRAMS/VST, Samples & DAW/Sonic Mechanics - Classic Guitar Licks/WAV/GUITAR 96	D:\PROGRAMS\VST, Samples & DAW\Sonic Mechanics - Classic Guitar Licks\WAV\GUITAR 96	0	0	0	10	0	10
/mnt/workspace/PROGRAMS/VST, Samples & DAW/Sonic Mechanics - Classic Guitar Licks/WAV PROCESSED/BASS 110	D:\PROGRAMS\VST, Samples & DAW\Sonic Mechanics - Classic Guitar Licks\WAV PROCESSED\BASS 110	0	0	0	12	0	12
/mnt/workspace/PROGRAMS/VST, Samples & DAW/Sonic Mechanics - Classic Guitar Licks/WAV PROCESSED/BASS 120	D:\PROGRAMS\VST, Samples & DAW\Sonic Mechanics - Classic Guitar Licks\WAV PROCESSED\BASS 120	0	0	0	12	0	12
/mnt/workspace/PROGRAMS/VST, Samples & DAW/Sonic Mechanics - Classic Guitar Licks/WAV PROCESSED/BASS 140	D:\PROGRAMS\VST, Samples & DAW\Sonic Mechanics - Classic Guitar Licks\WAV PROCESSED\BASS 140	0	0	0	12	0	12
/mnt/workspace/PROGRAMS/VST, Samples & DAW/Sonic Mechanics - Classic Guitar Licks/WAV PROCESSED/BASS 175	D:\PROGRAMS\VST, Samples & DAW\Sonic Mechanics - Classic Guitar Licks\WAV PROCESSED\BASS 175	0	0	0	12	0	12
/mnt/workspace/PROGRAMS/VST, Samples & DAW/Sonic Mechanics - Classic Guitar Licks/WAV PROCESSED/BASS 80	D:\PROGRAMS\VST, Samples & DAW\Sonic Mechanics - Classic Guitar Licks\WAV PROCESSED\BASS 80	0	0	0	12	0	12
/mnt/workspace/PROGRAMS/VST, Samples & DAW/Sonic Mechanics - Classic Guitar Licks/WAV PROCESSED/BASS 96	D:\PROGRAMS\VST, Samples & DAW\Sonic Mechanics - Classic Guitar Licks\WAV PROCESSED\BASS 96	0	0	0	10	0	10
/mnt/workspace/PROGRAMS/VST, Samples & DAW/Sonic Mechanics - Classic Guitar Licks/WAV PROCESSED/GUITAR 110	D:\PROGRAMS\VST, Samples & DAW\Sonic Mechanics - Classic Guitar Licks\WAV PROCESSED\GUITAR 110	0	0	0	12	0	12
/mnt/workspace/PROGRAMS/VST, Samples & DAW/Sonic Mechanics - Classic Guitar Licks/WAV PROCESSED/GUITAR 120	D:\PROGRAMS\VST, Samples & DAW\Sonic Mechanics - Classic Guitar Licks\WAV PROCESSED\GUITAR 120	0	0	0	12	0	12
/mnt/workspace/PROGRAMS/VST, Samples & DAW/Sonic Mechanics - Classic Guitar Licks/WAV PROCESSED/GUITAR 140	D:\PROGRAMS\VST, Samples & DAW\Sonic Mechanics - Classic Guitar Licks\WAV PROCESSED\GUITAR 140	0	0	0	12	0	12
/mnt/workspace/PROGRAMS/VST, Samples & DAW/Sonic Mechanics - Classic Guitar Licks/WAV PROCESSED/GUITAR 175	D:\PROGRAMS\VST, Samples & DAW\Sonic Mechanics - Classic Guitar Licks\WAV PROCESSED\GUITAR 175	0	0	0	12	0	12
/mnt/workspace/PROGRAMS/VST, Samples & DAW/Sonic Mechanics - Classic Guitar Licks/WAV PROCESSED/GUITAR 80	D:\PROGRAMS\VST, Samples & DAW\Sonic Mechanics - Classic Guitar Licks\WAV PROCESSED\GUITAR 80	0	0	0	12	0	12
/mnt/workspace/PROGRAMS/VST, Samples & DAW/Sonic Mechanics - Classic Guitar Licks/WAV PROCESSED/GUITAR 96	D:\PROGRAMS\VST, Samples & DAW\Sonic Mechanics - Classic Guitar Licks\WAV PROCESSED\GUITAR 96	0	0	0	10	0	10
/mnt/workspace/PROGRAMS/VST, Samples & DAW/Sonic Mechanics - EDM Energy Drums/EED - WAV/EED - 01 - KICKS	D:\PROGRAMS\VST, Samples & DAW\Sonic Mechanics - EDM Energy Drums\EED - WAV\EED - 01 - KICKS	0	0	0	79	0	79
/mnt/workspace/PROGRAMS/VST, Samples & DAW/Sonic Mechanics - EDM Energy Drums/EED - WAV/EED - 02 - SNARES	D:\PROGRAMS\VST, Samples & DAW\Sonic Mechanics - EDM Energy Drums\EED - WAV\EED - 02 - SNARES	0	0	0	84	0	84
/mnt/workspace/PROGRAMS/VST, Samples & DAW/Sonic Mechanics - EDM Energy Drums/EED - WAV/EED - 03 - CLAPS	D:\PROGRAMS\VST, Samples & DAW\Sonic Mechanics - EDM Energy Drums\EED - WAV\EED - 03 - CLAPS	0	0	0	39	0	39
/mnt/workspace/PROGRAMS/VST, Samples & DAW/Sonic Mechanics - EDM Energy Drums/EED - WAV/EED - 04 - CYMBALS	D:\PROGRAMS\VST, Samples & DAW\Sonic Mechanics - EDM Energy Drums\EED - WAV\EED - 04 - CYMBALS	0	0	0	105	0	105
/mnt/workspace/PROGRAMS/VST, Samples & DAW/Sonic Mechanics - EDM Energy Drums/EED - WAV/EED - 05 - PERCUSSION	D:\PROGRAMS\VST, Samples & DAW\Sonic Mechanics - EDM Energy Drums\EED - WAV\EED - 05 - PERCUSSION	0	0	0	84	0	84
/mnt/workspace/PROGRAMS/VST, Samples & DAW/Sonic Mechanics - Future Cinematic FX/1_FFX_WAV/FFX_ATMOSPHERE	D:\PROGRAMS\VST, Samples & DAW\Sonic Mechanics - Future Cinematic FX\1_FFX_WAV\FFX_ATMOSPHERE	0	0	0	60	0	60
/mnt/workspace/PROGRAMS/VST, Samples & DAW/Sonic Mechanics - Future Cinematic FX/1_FFX_WAV/FFX_BASS_MODULATIONS	D:\PROGRAMS\VST, Samples & DAW\Sonic Mechanics - Future Cinematic FX\1_FFX_WAV\FFX_BASS_MODULATIONS	0	0	0	23	0	23
/mnt/workspace/PROGRAMS/VST, Samples & DAW/Sonic Mechanics - Future Cinematic FX/1_FFX_WAV/FFX_BASS_STINGS	D:\PROGRAMS\VST, Samples & DAW\Sonic Mechanics - Future Cinematic FX\1_FFX_WAV\FFX_BASS_STINGS	0	0	0	21	0	21
/mnt/workspace/PROGRAMS/VST, Samples & DAW/Sonic Mechanics - Future Cinematic FX/1_FFX_WAV/FFX_BEEP_LOOPS	D:\PROGRAMS\VST, Samples & DAW\Sonic Mechanics - Future Cinematic FX\1_FFX_WAV\FFX_BEEP_LOOPS	0	0	0	20	0	20
/mnt/workspace/PROGRAMS/VST, Samples & DAW/Sonic Mechanics - Future Cinematic FX/1_FFX_WAV/FFX_BEEPS	D:\PROGRAMS\VST, Samples & DAW\Sonic Mechanics - Future Cinematic FX\1_FFX_WAV\FFX_BEEPS	0	0	0	51	0	51
/mnt/workspace/PROGRAMS/VST, Samples & DAW/Sonic Mechanics - Future Cinematic FX/1_FFX_WAV/FFX_BRAAMS	D:\PROGRAMS\VST, Samples & DAW\Sonic Mechanics - Future Cinematic FX\1_FFX_WAV\FFX_BRAAMS	0	0	0	20	0	20
/mnt/workspace/PROGRAMS/VST, Samples & DAW/Sonic Mechanics - Future Cinematic FX/1_FFX_WAV/FFX_DROP_LOOPS	D:\PROGRAMS\VST, Samples & DAW\Sonic Mechanics - Future Cinematic FX\1_FFX_WAV\FFX_DROP_LOOPS	0	0	0	12	0	12
/mnt/workspace/PROGRAMS/VST, Samples & DAW/Sonic Mechanics - Future Cinematic FX/1_FFX_WAV/FFX_IMPACTS	D:\PROGRAMS\VST, Samples & DAW\Sonic Mechanics - Future Cinematic FX\1_FFX_WAV\FFX_IMPACTS	0	0	0	51	0	51
/mnt/workspace/PROGRAMS/VST, Samples & DAW/Sonic Mechanics - Future Cinematic FX/1_FFX_WAV/FFX_IMPACTS_COMPLEX	D:\PROGRAMS\VST, Samples & DAW\Sonic Mechanics - Future Cinematic FX\1_FFX_WAV\FFX_IMPACTS_COMPLEX	0	0	0	30	0	30
/mnt/workspace/PROGRAMS/VST, Samples & DAW/Sonic Mechanics - Future Cinematic FX/1_FFX_WAV/FFX_SWEEP_DOPPLER	D:\PROGRAMS\VST, Samples & DAW\Sonic Mechanics - Future Cinematic FX\1_FFX_WAV\FFX_SWEEP_DOPPLER	0	0	0	21	0	21
/mnt/workspace/PROGRAMS/VST, Samples & DAW/Sonic Mechanics - Future Cinematic FX/1_FFX_WAV/FFX_SWEEP_DOWN	D:\PROGRAMS\VST, Samples & DAW\Sonic Mechanics - Future Cinematic FX\1_FFX_WAV\FFX_SWEEP_DOWN	0	0	0	50	0	50
/mnt/workspace/PROGRAMS/VST, Samples & DAW/Sonic Mechanics - Future Cinematic FX/1_FFX_WAV/FFX_SWEEP_UP	D:\PROGRAMS\VST, Samples & DAW\Sonic Mechanics - Future Cinematic FX\1_FFX_WAV\FFX_SWEEP_UP	0	0	0	50	0	50
/mnt/workspace/PROGRAMS/VST, Samples & DAW/Sonic Mechanics - Tropical Trap/TRT_INSTRUMENTS/EXS24	D:\PROGRAMS\VST, Samples & DAW\Sonic Mechanics - Tropical Trap\TRT_INSTRUMENTS\EXS24	0	0	0	819	0	845
/mnt/workspace/PROGRAMS/VST, Samples & DAW/Sonic Mechanics - Tropical Trap/TRT_INSTRUMENTS/HALION	D:\PROGRAMS\VST, Samples & DAW\Sonic Mechanics - Tropical Trap\TRT_INSTRUMENTS\HALION	0	0	0	819	0	844
/mnt/workspace/PROGRAMS/VST, Samples & DAW/Sonic Mechanics - Tropical Trap/TRT_LOOPS_REX/TRT_BASS	D:\PROGRAMS\VST, Samples & DAW\Sonic Mechanics - Tropical Trap\TRT_LOOPS_REX\TRT_BASS	0	0	0	53	0	53
/mnt/workspace/PROGRAMS/VST, Samples & DAW/Sonic Mechanics - Tropical Trap/TRT_LOOPS_REX/TRT_DRUMS	D:\PROGRAMS\VST, Samples & DAW\Sonic Mechanics - Tropical Trap\TRT_LOOPS_REX\TRT_DRUMS	0	0	0	129	0	129
/mnt/workspace/PROGRAMS/VST, Samples & DAW/Sonic Mechanics - Tropical Trap/TRT_LOOPS_REX/TRT_MELODY	D:\PROGRAMS\VST, Samples & DAW\Sonic Mechanics - Tropical Trap\TRT_LOOPS_REX\TRT_MELODY	0	0	0	45	0	45
/mnt/workspace/PROGRAMS/VST, Samples & DAW/Sonic Mechanics - Tropical Trap/TRT_LOOPS_WAV/TRT_BASS	D:\PROGRAMS\VST, Samples & DAW\Sonic Mechanics - Tropical Trap\TRT_LOOPS_WAV\TRT_BASS	0	0	0	53	0	53
/mnt/workspace/PROGRAMS/VST, Samples & DAW/Sonic Mechanics - Tropical Trap/TRT_LOOPS_WAV/TRT_DRUMS	D:\PROGRAMS\VST, Samples & DAW\Sonic Mechanics - Tropical Trap\TRT_LOOPS_WAV\TRT_DRUMS	0	0	0	138	0	138
/mnt/workspace/PROGRAMS/VST, Samples & DAW/Sonic Mechanics - Tropical Trap/TRT_LOOPS_WAV/TRT_FX	D:\PROGRAMS\VST, Samples & DAW\Sonic Mechanics - Tropical Trap\TRT_LOOPS_WAV\TRT_FX	0	0	0	26	0	26
/mnt/workspace/PROGRAMS/VST, Samples & DAW/Sonic Mechanics - Tropical Trap/TRT_LOOPS_WAV/TRT_MELODY	D:\PROGRAMS\VST, Samples & DAW\Sonic Mechanics - Tropical Trap\TRT_LOOPS_WAV\TRT_MELODY	0	0	0	45	0	45
/mnt/workspace/PROGRAMS/VST, Samples & DAW/Sonic Mechanics - Tropical Trap/TRT_ONE SHOTS/TRT_BASS	D:\PROGRAMS\VST, Samples & DAW\Sonic Mechanics - Tropical Trap\TRT_ONE SHOTS\TRT_BASS	0	0	0	40	0	40
/mnt/workspace/PROGRAMS/VST, Samples & DAW/Sonic Mechanics - Tropical Trap/TRT_ONE SHOTS/TRT_FX	D:\PROGRAMS\VST, Samples & DAW\Sonic Mechanics - Tropical Trap\TRT_ONE SHOTS\TRT_FX	0	0	0	38	0	38
/mnt/workspace/PROGRAMS/VST, Samples & DAW/Sonic Mechanics - Tropical Trap/TRT_ONE SHOTS/TRT_HT	D:\PROGRAMS\VST, Samples & DAW\Sonic Mechanics - Tropical Trap\TRT_ONE SHOTS\TRT_HT	0	0	0	42	0	42
/mnt/workspace/PROGRAMS/VST, Samples & DAW/Sonic Mechanics - Tropical Trap/TRT_ONE SHOTS/TRT_KCK	D:\PROGRAMS\VST, Samples & DAW\Sonic Mechanics - Tropical Trap\TRT_ONE SHOTS\TRT_KCK	0	0	0	25	0	25
/mnt/workspace/PROGRAMS/VST, Samples & DAW/Sonic Mechanics - Tropical Trap/TRT_ONE SHOTS/TRT_MEL	D:\PROGRAMS\VST, Samples & DAW\Sonic Mechanics - Tropical Trap\TRT_ONE SHOTS\TRT_MEL	0	0	0	30	0	30
/mnt/workspace/PROGRAMS/VST, Samples & DAW/Sonic Mechanics - Tropical Trap/TRT_ONE SHOTS/TRT_SNR	D:\PROGRAMS\VST, Samples & DAW\Sonic Mechanics - Tropical Trap\TRT_ONE SHOTS\TRT_SNR	0	0	0	36	0	36
/mnt/workspace/PROGRAMS/VST, Samples & DAW/Splice Sounds - Gowanus Street Percussion/Gowanus_Street_Percussion/loop	D:\PROGRAMS\VST, Samples & DAW\Splice Sounds - Gowanus Street Percussion\Gowanus_Street_Percussion\loop	0	0	0	82	0	82
/mnt/workspace/PROGRAMS/VST, Samples & DAW/Splice Sounds - Gowanus Street Percussion/Gowanus_Street_Percussion/one_shots	D:\PROGRAMS\VST, Samples & DAW\Splice Sounds - Gowanus Street Percussion\Gowanus_Street_Percussion\one_shots	0	0	0	98	0	98
/mnt/workspace/PROGRAMS/VST, Samples & DAW/TBProAudio.bundle.2021.10/macOS-SPTNDC/Installers	D:\PROGRAMS\VST, Samples & DAW\TBProAudio.bundle.2021.10\macOS-SPTNDC\Installers	0	0	0	0	0	26
/mnt/workspace/PROGRAMS/VST, Samples & DAW/TBProAudio.bundle.2021.10/macOS-SPTNDC/Licenses	D:\PROGRAMS\VST, Samples & DAW\TBProAudio.bundle.2021.10\macOS-SPTNDC\Licenses	0	0	0	0	0	15
/mnt/workspace/PROGRAMS/VST, Samples & DAW/TBProAudio.bundle.2021.10/macOS-SPTNDC/Patched	D:\PROGRAMS\VST, Samples & DAW\TBProAudio.bundle.2021.10\macOS-SPTNDC\Patched	0	0	0	0	0	609
/mnt/workspace/PROGRAMS/VST, Samples & DAW/Togu.Audio.Line.TAL-J-8.v1.5.4.WIN.MAC.LIN.Incl.Keygen-R2R/Linux/__MACOSX	D:\PROGRAMS\VST, Samples & DAW\Togu.Audio.Line.TAL-J-8.v1.5.4.WIN.MAC.LIN.Incl.Keygen-R2R\Linux\__MACOSX	0	0	0	0	0	1
/mnt/workspace/PROGRAMS/VST, Samples & DAW/Togu.Audio.Line.TAL-J-8.v1.5.4.WIN.MAC.LIN.Incl.Keygen-R2R/Linux/TAL-J-8.vst3	D:\PROGRAMS\VST, Samples & DAW\Togu.Audio.Line.TAL-J-8.v1.5.4.WIN.MAC.LIN.Incl.Keygen-R2R\Linux\TAL-J-8.vst3	0	0	0	0	0	1
/mnt/workspace/PROGRAMS/VST, Samples & DAW/Toontrack.Superior.Drummer.3.v3.0.1.WiN/SL-SuperiorDrummer3_SDX_Part1/Contents	D:\PROGRAMS\VST, Samples & DAW\Toontrack.Superior.Drummer.3.v3.0.1.WiN\SL-SuperiorDrummer3_SDX_Part1\Contents	0	0	0	0	0	397
/mnt/workspace/PROGRAMS/VST, Samples & DAW/Toontrack.Superior.Drummer.3.v3.0.1.WiN/SL-SuperiorDrummer3_SDX_Part1/SL-SuperiorDrummer3	D:\PROGRAMS\VST, Samples & DAW\Toontrack.Superior.Drummer.3.v3.0.1.WiN\SL-SuperiorDrummer3_SDX_Part1\SL-SuperiorDrummer3	0	0	0	0	0	420
/mnt/workspace/PROGRAMS/VST, Samples & DAW/Touch Loops - LA Drum Tools/LA_One-Shots/LA_Claps	D:\PROGRAMS\VST, Samples & DAW\Touch Loops - LA Drum Tools\LA_One-Shots\LA_Claps	0	0	0	16	0	16
/mnt/workspace/PROGRAMS/VST, Samples & DAW/Touch Loops - LA Drum Tools/LA_One-Shots/LA_FX	D:\PROGRAMS\VST, Samples & DAW\Touch Loops - LA Drum Tools\LA_One-Shots\LA_FX	0	0	0	8	0	8
/mnt/workspace/PROGRAMS/VST, Samples & DAW/Touch Loops - LA Drum Tools/LA_One-Shots/LA_Hats	D:\PROGRAMS\VST, Samples & DAW\Touch Loops - LA Drum Tools\LA_One-Shots\LA_Hats	0	0	0	32	0	32
/mnt/workspace/PROGRAMS/VST, Samples & DAW/Touch Loops - LA Drum Tools/LA_One-Shots/LA_Kicks	D:\PROGRAMS\VST, Samples & DAW\Touch Loops - LA Drum Tools\LA_One-Shots\LA_Kicks	0	0	0	8	0	8
/mnt/workspace/PROGRAMS/VST, Samples & DAW/Touch Loops - LA Drum Tools/LA_One-Shots/LA_Percs	D:\PROGRAMS\VST, Samples & DAW\Touch Loops - LA Drum Tools\LA_One-Shots\LA_Percs	0	0	0	40	0	40
/mnt/workspace/PROGRAMS/VST, Samples & DAW/Touch Loops - LA Drum Tools/LA_One-Shots/LA_Snares	D:\PROGRAMS\VST, Samples & DAW\Touch Loops - LA Drum Tools\LA_One-Shots\LA_Snares	0	0	0	16	0	16
/mnt/workspace/PROGRAMS/VST, Samples & DAW/Tracktion.Software.DAW.Essentials.Collection.v1.0.44.Win.Mac-MORiA/WiNOS/MORiA	D:\PROGRAMS\VST, Samples & DAW\Tracktion.Software.DAW.Essentials.Collection.v1.0.44.Win.Mac-MORiA\WiNOS\MORiA	0	0	0	0	0	0
/mnt/workspace/PROGRAMS/VST, Samples & DAW/W.A.Production.InstaComposer.v1.0.0.Incl.Keygen-RET/VAST.Dynamics.Vaporizer2.v2.6.1.Incl.Keygen-R2R/R2R	D:\PROGRAMS\VST, Samples & DAW\W.A.Production.InstaComposer.v1.0.0.Incl.Keygen-RET\VAST.Dynamics.Vaporizer2.v2.6.1.Incl.Keygen-R2R\R2R	0	0	0	0	0	2
/mnt/workspace/PROGRAMS/VST, Samples & DAW/W.A.Production.InstaComposer.v1.0.0.Incl.Keygen-RET/VAST.Dynamics.Vaporizer2.v2.6.1.Incl.Keygen-R2R/Vaporizer2_installer_OSX64	D:\PROGRAMS\VST, Samples & DAW\W.A.Production.InstaComposer.v1.0.0.Incl.Keygen-RET\VAST.Dynamics.Vaporizer2.v2.6.1.Incl.Keygen-R2R\Vaporizer2_installer_OSX64	0	0	0	0	0	4
/mnt/workspace/PROGRAMS/VST, Samples & DAW/W.A.Production.InstaComposer.v1.0.0.Incl.Keygen-RET/VAST.Dynamics.Vaporizer2.v2.6.1.Incl.Keygen-R2R/Vaporizer2_installer_win_2.6.1_0	D:\PROGRAMS\VST, Samples & DAW\W.A.Production.InstaComposer.v1.0.0.Incl.Keygen-RET\VAST.Dynamics.Vaporizer2.v2.6.1.Incl.Keygen-R2R\Vaporizer2_installer_win_2.6.1_0	0	0	0	0	0	1
/mnt/workspace/PROGRAMS/VST, Samples & DAW/W.A.Production.InstaComposer.v1.0.0.Incl.Keygen-RET/Virtual Audio Cable A & B/VBCABLE_A_Driver_Pack43	D:\PROGRAMS\VST, Samples & DAW\W.A.Production.InstaComposer.v1.0.0.Incl.Keygen-RET\Virtual Audio Cable A & B\VBCABLE_A_Driver_Pack43	0	0	0	0	0	27
/mnt/workspace/PROGRAMS/VST, Samples & DAW/W.A.Production.InstaComposer.v1.0.0.Incl.Keygen-RET/Virtual Audio Cable A & B/VBCABLE_B_Driver_Pack43	D:\PROGRAMS\VST, Samples & DAW\W.A.Production.InstaComposer.v1.0.0.Incl.Keygen-RET\Virtual Audio Cable A & B\VBCABLE_B_Driver_Pack43	0	0	0	0	0	27
/mnt/workspace/PROGRAMS/VST, Samples & DAW/W.A.Production.InstaComposer.v1.0.0.Incl.Keygen-RET/WAProd_InstaComposer_1.0.0/Agreements & Links	D:\PROGRAMS\VST, Samples & DAW\W.A.Production.InstaComposer.v1.0.0.Incl.Keygen-RET\WAProd_InstaComposer_1.0.0\Agreements & Links	0	0	0	0	0	5
/mnt/workspace/PROGRAMS/VST, Samples & DAW/W.A.Production.InstaComposer.v1.0.0.Incl.Keygen-RET/WAProd_InstaComposer_1.0.0/Artwork & Preview	D:\PROGRAMS\VST, Samples & DAW\W.A.Production.InstaComposer.v1.0.0.Incl.Keygen-RET\WAProd_InstaComposer_1.0.0\Artwork & Preview	0	0	0	0	0	2
/mnt/workspace/PROGRAMS/VST, Samples & DAW/W.A.Production.InstaComposer.v1.0.0.Incl.Keygen-RET/WAProd_InstaComposer_1.0.0/InstaComposer - PC	D:\PROGRAMS\VST, Samples & DAW\W.A.Production.InstaComposer.v1.0.0.Incl.Keygen-RET\WAProd_InstaComposer_1.0.0\InstaComposer - PC	0	0	0	0	0	1
/mnt/workspace/PROGRAMS/VST, Samples & DAW/WAProd_Babylon_Full_1.0.1_b12/Mac	D:\PROGRAMS\VST, Samples & DAW\WAProd_Babylon_Full_1.0.1_b12\Mac	0	0	0	0	0	2344
/mnt/workspace/PROGRAMS/VST, Samples & DAW/Waves 11 Complete v01.16.2020/Data/cache	D:\PROGRAMS\VST, Samples & DAW\Waves 11 Complete v01.16.2020\Data\cache	0	0	0	0	0	6
/mnt/workspace/PROGRAMS/VST, Samples & DAW/Waves 11 Complete v01.16.2020/Data/V10	D:\PROGRAMS\VST, Samples & DAW\Waves 11 Complete v01.16.2020\Data\V10	0	0	0	0	0	55
/mnt/workspace/PROGRAMS/VST, Samples & DAW/Waves 11 Complete v01.16.2020/Data/V11	D:\PROGRAMS\VST, Samples & DAW\Waves 11 Complete v01.16.2020\Data\V11	0	0	0	26	0	11290
/mnt/workspace/PROGRAMS/VST, Samples & DAW/Waves 11 Complete v01.16.2020/Waves.Complete.v2020.05.12.Emulator.Only.READ.NFO-R2R/WavesLicenseEngine.bundle	D:\PROGRAMS\VST, Samples & DAW\Waves 11 Complete v01.16.2020\Waves.Complete.v2020.05.12.Emulator.Only.READ.NFO-R2R\WavesLicenseEngine.bundle	0	0	0	0	2	2
/mnt/workspace/PROGRAMS/VST, Samples & DAW/Xfer Serum & Serum FX Update 128b5 - WiN/Patch FiX/x64	D:\PROGRAMS\VST, Samples & DAW\Xfer Serum & Serum FX Update 128b5 - WiN\Patch FiX\x64	0	0	0	0	2	2
/mnt/workspace/PROGRAMS/VST, Samples & DAW/Xfer Serum & Serum FX Update 128b5 - WiN/Patch FiX/x86	D:\PROGRAMS\VST, Samples & DAW\Xfer Serum & Serum FX Update 128b5 - WiN\Patch FiX\x86	0	0	0	0	2	2
/mnt/workspace/PROGRAMS/VST, Samples & DAW/XLN Audio Addictive Keys Complete v1 1 8 WIN OSX-R2R/Addictive Keys/App	D:\PROGRAMS\VST, Samples & DAW\XLN Audio Addictive Keys Complete v1 1 8 WIN OSX-R2R\Addictive Keys\App	0	0	0	0	0	11
/mnt/workspace/PROGRAMS/VST, Samples & DAW/XLN Audio Addictive Keys Complete v1 1 8 WIN OSX-R2R/Addictive Keys/Sound Data	D:\PROGRAMS\VST, Samples & DAW\XLN Audio Addictive Keys Complete v1 1 8 WIN OSX-R2R\Addictive Keys\Sound Data	0	0	0	0	0	9
/mnt/workspace/PROGRAMS/VST, Samples & DAW/XLN Audio Addictive Keys Complete v1 1 8 WIN OSX-R2R/XLN_AddictiveKeys_118_OSX/Applications	D:\PROGRAMS\VST, Samples & DAW\XLN Audio Addictive Keys Complete v1 1 8 WIN OSX-R2R\XLN_AddictiveKeys_118_OSX\Applications	0	0	0	0	0	5
/mnt/workspace/PROGRAMS/VST, Samples & DAW/XLN Audio Addictive Keys Complete v1 1 8 WIN OSX-R2R/XLN_AddictiveKeys_118_OSX/Plug-Ins	D:\PROGRAMS\VST, Samples & DAW\XLN Audio Addictive Keys Complete v1 1 8 WIN OSX-R2R\XLN_AddictiveKeys_118_OSX\Plug-Ins	0	0	0	0	0	12
/mnt/workspace/PROGRAMS/VST, Samples & DAW/XLN.Audio.Addictive.Drums.2.Complete.v2.1.9.WIN.OSX-R2R/XLN_AddictiveDrums2_219_OSX/Applications	D:\PROGRAMS\VST, Samples & DAW\XLN.Audio.Addictive.Drums.2.Complete.v2.1.9.WIN.OSX-R2R\XLN_AddictiveDrums2_219_OSX\Applications	0	0	0	0	0	5
/mnt/workspace/PROGRAMS/VST, Samples & DAW/XLN.Audio.Addictive.Drums.2.Complete.v2.1.9.WIN.OSX-R2R/XLN_AddictiveDrums2_219_OSX/Plug-Ins	D:\PROGRAMS\VST, Samples & DAW\XLN.Audio.Addictive.Drums.2.Complete.v2.1.9.WIN.OSX-R2R\XLN_AddictiveDrums2_219_OSX\Plug-Ins	0	0	0	0	0	12
/mnt/workspace/Tunaland Backup/Tunaland Backup/valheim_server_Data/Plugins/x86_64	D:\Tunaland Backup\Tunaland Backup\valheim_server_Data\Plugins\x86_64	0	0	0	0	9	9
/mnt/storage/BACKUP/Downloads/AIO HP PRINTER/dot4_amd64/x64	E:\BACKUP\Downloads\AIO HP PRINTER\dot4_amd64\x64	0	0	0	0	2	7
/mnt/storage/BACKUP/Downloads/AIO HP PRINTER/dot4_x86/x86	E:\BACKUP\Downloads\AIO HP PRINTER\dot4_x86\x86	0	0	0	0	2	7
/mnt/storage/BACKUP/Downloads/AIO HP PRINTER/dot4prt_amd64/x64	E:\BACKUP\Downloads\AIO HP PRINTER\dot4prt_amd64\x64	0	0	0	0	2	7
/mnt/storage/BACKUP/Downloads/AIO HP PRINTER/dot4prt_x86/x86	E:\BACKUP\Downloads\AIO HP PRINTER\dot4prt_x86\x86	0	0	0	0	2	7
/mnt/storage/BACKUP/Downloads/AIO HP PRINTER/drivers/dot4	E:\BACKUP\Downloads\AIO HP PRINTER\drivers\dot4	0	0	0	0	5	8
/mnt/storage/BACKUP/Downloads/AIO HP PRINTER/drivers/scanner	E:\BACKUP\Downloads\AIO HP PRINTER\drivers\scanner	0	0	0	0	22	22
/mnt/storage/BACKUP/Downloads/AIO HP PRINTER/prn_x64/Amd64	E:\BACKUP\Downloads\AIO HP PRINTER\prn_x64\Amd64	0	0	0	0	19	241
/mnt/storage/BACKUP/Downloads/AIO HP PRINTER/prn_x86/I386	E:\BACKUP\Downloads\AIO HP PRINTER\prn_x86\I386	0	0	0	0	19	241
/mnt/storage/BACKUP/Downloads/AIO HP PRINTER/setup/cpufix	E:\BACKUP\Downloads\AIO HP PRINTER\setup\cpufix	0	0	0	0	4	4
/mnt/storage/BACKUP/Downloads/AIO HP PRINTER/setup/networkx64	E:\BACKUP\Downloads\AIO HP PRINTER\setup\networkx64	0	0	0	0	15	19
/mnt/storage/BACKUP/Downloads/AIO HP PRINTER/setup/networkx86	E:\BACKUP\Downloads\AIO HP PRINTER\setup\networkx86	0	0	0	0	15	19
/mnt/storage/BACKUP/Downloads/AIO HP PRINTER/setup/x64	E:\BACKUP\Downloads\AIO HP PRINTER\setup\x64	0	0	0	0	1	1
/mnt/storage/BACKUP/JAN 2026/turing-smart-screen-python-3.5.0/external/LibreHardwareMonitor	E:\BACKUP\JAN 2026\turing-smart-screen-python-3.5.0\external\LibreHardwareMonitor	0	0	0	0	2	5
/mnt/storage/Programs/[Creativemarket][229704] The Illustrator Brushes Mega-Bundle! [Fluck3r]/Zipper Brushes/Zipper Brushes/AI files for CC	E:\Programs\[Creativemarket][229704] The Illustrator Brushes Mega-Bundle! [Fluck3r]\Zipper Brushes\Zipper Brushes\AI files for CC	0	0	0	0	0	2
/mnt/storage/Programs/[Creativemarket][229704] The Illustrator Brushes Mega-Bundle! [Fluck3r]/Zipper Brushes/Zipper Brushes/CS1+	E:\Programs\[Creativemarket][229704] The Illustrator Brushes Mega-Bundle! [Fluck3r]\Zipper Brushes\Zipper Brushes\CS1+	0	0	0	0	0	2
/mnt/storage/Programs/Adobe After Effects CC 12.2.0.52 Final Multilanguage [ChingLiu]/Adobe After Effects CC/packages/CCM	E:\Programs\Adobe After Effects CC 12.2.0.52 Final Multilanguage [ChingLiu]\Adobe After Effects CC\packages\CCM	0	0	0	0	0	3
/mnt/storage/Programs/Adobe After Effects CC 12.2.0.52 Final Multilanguage [ChingLiu]/Adobe After Effects CC/packages/core	E:\Programs\Adobe After Effects CC 12.2.0.52 Final Multilanguage [ChingLiu]\Adobe After Effects CC\packages\core	0	0	0	0	0	3
/mnt/storage/Programs/Adobe After Effects CC 12.2.0.52 Final Multilanguage [ChingLiu]/Adobe After Effects CC/packages/D6	E:\Programs\Adobe After Effects CC 12.2.0.52 Final Multilanguage [ChingLiu]\Adobe After Effects CC\packages\D6	0	0	0	0	0	3
/mnt/storage/Programs/Adobe After Effects CC 12.2.0.52 Final Multilanguage [ChingLiu]/Adobe After Effects CC/packages/DECore	E:\Programs\Adobe After Effects CC 12.2.0.52 Final Multilanguage [ChingLiu]\Adobe After Effects CC\packages\DECore	0	0	0	0	0	3
/mnt/storage/Programs/Adobe After Effects CC 12.2.0.52 Final Multilanguage [ChingLiu]/Adobe After Effects CC/packages/DWA	E:\Programs\Adobe After Effects CC 12.2.0.52 Final Multilanguage [ChingLiu]\Adobe After Effects CC\packages\DWA	0	0	0	0	0	3
/mnt/storage/Programs/Adobe After Effects CC 12.2.0.52 Final Multilanguage [ChingLiu]/Adobe After Effects CC/packages/LWA	E:\Programs\Adobe After Effects CC 12.2.0.52 Final Multilanguage [ChingLiu]\Adobe After Effects CC\packages\LWA	0	0	0	0	0	3
/mnt/storage/Programs/Adobe After Effects CC 12.2.0.52 Final Multilanguage [ChingLiu]/Adobe After Effects CC/packages/P6	E:\Programs\Adobe After Effects CC 12.2.0.52 Final Multilanguage [ChingLiu]\Adobe After Effects CC\packages\P6	0	0	0	0	0	3
/mnt/storage/Programs/Adobe After Effects CC 12.2.0.52 Final Multilanguage [ChingLiu]/Adobe After Effects CC/packages/P7	E:\Programs\Adobe After Effects CC 12.2.0.52 Final Multilanguage [ChingLiu]\Adobe After Effects CC\packages\P7	0	0	0	0	0	3
/mnt/storage/Programs/Adobe After Effects CC 12.2.0.52 Final Multilanguage [ChingLiu]/Adobe After Effects CC/packages/UWA	E:\Programs\Adobe After Effects CC 12.2.0.52 Final Multilanguage [ChingLiu]\Adobe After Effects CC\packages\UWA	0	0	0	0	0	3
/mnt/storage/Programs/Adobe After Effects CC 12.2.0.52 Final Multilanguage [ChingLiu]/Adobe After Effects CC/payloads/AdobeAfterEffects12AllTrial	E:\Programs\Adobe After Effects CC 12.2.0.52 Final Multilanguage [ChingLiu]\Adobe After Effects CC\payloads\AdobeAfterEffects12AllTrial	0	0	0	0	0	7
/mnt/storage/Programs/Adobe After Effects CC 12.2.0.52 Final Multilanguage [ChingLiu]/Adobe After Effects CC/payloads/AdobeAfterEffects12de_DELanguagePack	E:\Programs\Adobe After Effects CC 12.2.0.52 Final Multilanguage [ChingLiu]\Adobe After Effects CC\payloads\AdobeAfterEffects12de_DELanguagePack	0	0	0	0	0	7
/mnt/storage/Programs/Adobe After Effects CC 12.2.0.52 Final Multilanguage [ChingLiu]/Adobe After Effects CC/payloads/AdobeAfterEffects12en_USLanguagePack	E:\Programs\Adobe After Effects CC 12.2.0.52 Final Multilanguage [ChingLiu]\Adobe After Effects CC\payloads\AdobeAfterEffects12en_USLanguagePack	0	0	0	0	0	7
/mnt/storage/Programs/Adobe After Effects CC 12.2.0.52 Final Multilanguage [ChingLiu]/Adobe After Effects CC/payloads/AdobeAfterEffects12es_ESLanguagePack	E:\Programs\Adobe After Effects CC 12.2.0.52 Final Multilanguage [ChingLiu]\Adobe After Effects CC\payloads\AdobeAfterEffects12es_ESLanguagePack	0	0	0	0	0	7
/mnt/storage/Programs/Adobe After Effects CC 12.2.0.52 Final Multilanguage [ChingLiu]/Adobe After Effects CC/payloads/AdobeAfterEffects12fr_FRLanguagePack	E:\Programs\Adobe After Effects CC 12.2.0.52 Final Multilanguage [ChingLiu]\Adobe After Effects CC\payloads\AdobeAfterEffects12fr_FRLanguagePack	0	0	0	0	0	7
/mnt/storage/Programs/Adobe After Effects CC 12.2.0.52 Final Multilanguage [ChingLiu]/Adobe After Effects CC/payloads/AdobeAfterEffects12it_ITLanguagePack	E:\Programs\Adobe After Effects CC 12.2.0.52 Final Multilanguage [ChingLiu]\Adobe After Effects CC\payloads\AdobeAfterEffects12it_ITLanguagePack	0	0	0	0	0	7
/mnt/storage/Programs/Adobe After Effects CC 12.2.0.52 Final Multilanguage [ChingLiu]/Adobe After Effects CC/payloads/AdobeAfterEffects12ja_JPLanguagePack	E:\Programs\Adobe After Effects CC 12.2.0.52 Final Multilanguage [ChingLiu]\Adobe After Effects CC\payloads\AdobeAfterEffects12ja_JPLanguagePack	0	0	0	0	0	7
/mnt/storage/Programs/Adobe After Effects CC 12.2.0.52 Final Multilanguage [ChingLiu]/Adobe After Effects CC/payloads/AdobeAfterEffects12ko_KRLanguagePack	E:\Programs\Adobe After Effects CC 12.2.0.52 Final Multilanguage [ChingLiu]\Adobe After Effects CC\payloads\AdobeAfterEffects12ko_KRLanguagePack	0	0	0	0	0	7
/mnt/storage/Programs/Adobe After Effects CC 12.2.0.52 Final Multilanguage [ChingLiu]/Adobe After Effects CC/payloads/AdobeAfterEffects12SupportAll	E:\Programs\Adobe After Effects CC 12.2.0.52 Final Multilanguage [ChingLiu]\Adobe After Effects CC\payloads\AdobeAfterEffects12SupportAll	0	0	0	0	0	5
/mnt/storage/Programs/Adobe After Effects CC 12.2.0.52 Final Multilanguage [ChingLiu]/Adobe After Effects CC/payloads/AdobeAfterEffects12zh_CNLanguagePack	E:\Programs\Adobe After Effects CC 12.2.0.52 Final Multilanguage [ChingLiu]\Adobe After Effects CC\payloads\AdobeAfterEffects12zh_CNLanguagePack	0	0	0	0	0	7
/mnt/storage/Programs/Adobe After Effects CC 12.2.0.52 Final Multilanguage [ChingLiu]/Adobe After Effects CC/payloads/AdobeAfterEffectsPresets12All	E:\Programs\Adobe After Effects CC 12.2.0.52 Final Multilanguage [ChingLiu]\Adobe After Effects CC\payloads\AdobeAfterEffectsPresets12All	0	0	0	0	0	7
/mnt/storage/Programs/Adobe After Effects CC 12.2.0.52 Final Multilanguage [ChingLiu]/Adobe After Effects CC/payloads/AdobeAPE3.4-mul	E:\Programs\Adobe After Effects CC 12.2.0.52 Final Multilanguage [ChingLiu]\Adobe After Effects CC\payloads\AdobeAPE3.4-mul	0	0	0	0	0	5
/mnt/storage/Programs/Adobe After Effects CC 12.2.0.52 Final Multilanguage [ChingLiu]/Adobe After Effects CC/payloads/AdobeAPE3.4_x64-mul	E:\Programs\Adobe After Effects CC 12.2.0.52 Final Multilanguage [ChingLiu]\Adobe After Effects CC\payloads\AdobeAPE3.4_x64-mul	0	0	0	0	0	5
/mnt/storage/Programs/Adobe After Effects CC 12.2.0.52 Final Multilanguage [ChingLiu]/Adobe After Effects CC/payloads/AdobeCameraRaw8.0All	E:\Programs\Adobe After Effects CC 12.2.0.52 Final Multilanguage [ChingLiu]\Adobe After Effects CC\payloads\AdobeCameraRaw8.0All	0	0	0	0	0	5
/mnt/storage/Programs/Adobe After Effects CC 12.2.0.52 Final Multilanguage [ChingLiu]/Adobe After Effects CC/payloads/AdobeCameraRaw8.0All-x64	E:\Programs\Adobe After Effects CC 12.2.0.52 Final Multilanguage [ChingLiu]\Adobe After Effects CC\payloads\AdobeCameraRaw8.0All-x64	0	0	0	0	0	5
/mnt/storage/Programs/Adobe After Effects CC 12.2.0.52 Final Multilanguage [ChingLiu]/Adobe After Effects CC/payloads/AdobeCameraRawProfile8.0All	E:\Programs\Adobe After Effects CC 12.2.0.52 Final Multilanguage [ChingLiu]\Adobe After Effects CC\payloads\AdobeCameraRawProfile8.0All	0	0	0	0	0	5
/mnt/storage/Programs/Adobe After Effects CC 12.2.0.52 Final Multilanguage [ChingLiu]/Adobe After Effects CC/payloads/AdobeColorCommonSetRGB5_0-mul	E:\Programs\Adobe After Effects CC 12.2.0.52 Final Multilanguage [ChingLiu]\Adobe After Effects CC\payloads\AdobeColorCommonSetRGB5_0-mul	0	0	0	0	0	5
/mnt/storage/Programs/Adobe After Effects CC 12.2.0.52 Final Multilanguage [ChingLiu]/Adobe After Effects CC/payloads/AdobeDynamicLinkMediaServer7All	E:\Programs\Adobe After Effects CC 12.2.0.52 Final Multilanguage [ChingLiu]\Adobe After Effects CC\payloads\AdobeDynamicLinkMediaServer7All	0	0	0	0	0	5
/mnt/storage/Programs/Adobe After Effects CC 12.2.0.52 Final Multilanguage [ChingLiu]/Adobe After Effects CC/payloads/AdobeDynamiclinkSupport7All	E:\Programs\Adobe After Effects CC 12.2.0.52 Final Multilanguage [ChingLiu]\Adobe After Effects CC\payloads\AdobeDynamiclinkSupport7All	0	0	0	0	0	5
/mnt/storage/Programs/Adobe After Effects CC 12.2.0.52 Final Multilanguage [ChingLiu]/Adobe After Effects CC/payloads/AdobeFontsRecommended_x64-mul	E:\Programs\Adobe After Effects CC 12.2.0.52 Final Multilanguage [ChingLiu]\Adobe After Effects CC\payloads\AdobeFontsRecommended_x64-mul	0	0	0	0	0	5
/mnt/storage/Programs/Adobe After Effects CC 12.2.0.52 Final Multilanguage [ChingLiu]/Adobe After Effects CC/payloads/AdobeFontsRequired_x64-mul	E:\Programs\Adobe After Effects CC 12.2.0.52 Final Multilanguage [ChingLiu]\Adobe After Effects CC\payloads\AdobeFontsRequired_x64-mul	0	0	0	0	0	5
/mnt/storage/Programs/Adobe After Effects CC 12.2.0.52 Final Multilanguage [ChingLiu]/Adobe After Effects CC/payloads/AdobeMotionPicture5_0-mul	E:\Programs\Adobe After Effects CC 12.2.0.52 Final Multilanguage [ChingLiu]\Adobe After Effects CC\payloads\AdobeMotionPicture5_0-mul	0	0	0	0	0	5
/mnt/storage/Programs/Adobe After Effects CC 12.2.0.52 Final Multilanguage [ChingLiu]/Adobe After Effects CC/payloads/AdobeVideoProfilesAE5_0-mul	E:\Programs\Adobe After Effects CC 12.2.0.52 Final Multilanguage [ChingLiu]\Adobe After Effects CC\payloads\AdobeVideoProfilesAE5_0-mul	0	0	0	0	0	5
/mnt/storage/Programs/Adobe After Effects CC 12.2.0.52 Final Multilanguage [ChingLiu]/Adobe After Effects CC/payloads/AMECore7All_x64	E:\Programs\Adobe After Effects CC 12.2.0.52 Final Multilanguage [ChingLiu]\Adobe After Effects CC\payloads\AMECore7All_x64	0	0	0	0	0	7
/mnt/storage/Programs/Adobe After Effects CC 12.2.0.52 Final Multilanguage [ChingLiu]/Adobe After Effects CC/payloads/Microsoft VC 2005 Redist (x64)	E:\Programs\Adobe After Effects CC 12.2.0.52 Final Multilanguage [ChingLiu]\Adobe After Effects CC\payloads\Microsoft VC 2005 Redist (x64)	0	0	0	0	0	2
/mnt/storage/Programs/Adobe After Effects CC 12.2.0.52 Final Multilanguage [ChingLiu]/Adobe After Effects CC/payloads/Microsoft VC 2005 Redist (x86)	E:\Programs\Adobe After Effects CC 12.2.0.52 Final Multilanguage [ChingLiu]\Adobe After Effects CC\payloads\Microsoft VC 2005 Redist (x86)	0	0	0	0	0	2
/mnt/storage/Programs/Adobe After Effects CC 12.2.0.52 Final Multilanguage [ChingLiu]/Adobe After Effects CC/payloads/Microsoft VC 2008 Redist (x64)	E:\Programs\Adobe After Effects CC 12.2.0.52 Final Multilanguage [ChingLiu]\Adobe After Effects CC\payloads\Microsoft VC 2008 Redist (x64)	0	0	0	0	0	2
/mnt/storage/Programs/Adobe After Effects CC 12.2.0.52 Final Multilanguage [ChingLiu]/Adobe After Effects CC/payloads/Microsoft VC 2008 Redist (x86)	E:\Programs\Adobe After Effects CC 12.2.0.52 Final Multilanguage [ChingLiu]\Adobe After Effects CC\payloads\Microsoft VC 2008 Redist (x86)	0	0	0	0	0	2
/mnt/storage/Programs/Adobe After Effects CC 12.2.0.52 Final Multilanguage [ChingLiu]/Adobe After Effects CC/payloads/Microsoft VC 2010 Redist (x64)	E:\Programs\Adobe After Effects CC 12.2.0.52 Final Multilanguage [ChingLiu]\Adobe After Effects CC\payloads\Microsoft VC 2010 Redist (x64)	0	0	0	0	0	2
/mnt/storage/Programs/Adobe After Effects CC 12.2.0.52 Final Multilanguage [ChingLiu]/Adobe After Effects CC/payloads/Microsoft VC 2010 Redist (x86)	E:\Programs\Adobe After Effects CC 12.2.0.52 Final Multilanguage [ChingLiu]\Adobe After Effects CC\payloads\Microsoft VC 2010 Redist (x86)	0	0	0	0	0	2
/mnt/storage/Programs/Adobe After Effects CC 12.2.0.52 Final Multilanguage [ChingLiu]/Adobe After Effects CC/resources/Dictionary	E:\Programs\Adobe After Effects CC 12.2.0.52 Final Multilanguage [ChingLiu]\Adobe After Effects CC\resources\Dictionary	0	0	0	0	0	31
/mnt/storage/Programs/Adobe After Effects CC 12.2.0.52 Final Multilanguage [ChingLiu]/AfterEffects_CC_12_2_upd/payloads/AdobeAfterEffects12AllTrial-121213152804	E:\Programs\Adobe After Effects CC 12.2.0.52 Final Multilanguage [ChingLiu]\AfterEffects_CC_12_2_upd\payloads\AdobeAfterEffects12AllTrial-121213152804	0	0	0	0	0	8
/mnt/storage/Programs/Adobe After Effects CC 12.2.0.52 Final Multilanguage [ChingLiu]/AfterEffects_CC_12_2_upd/payloads/AdobeAfterEffects12de_DELanguagePack-121213192917	E:\Programs\Adobe After Effects CC 12.2.0.52 Final Multilanguage [ChingLiu]\AfterEffects_CC_12_2_upd\payloads\AdobeAfterEffects12de_DELanguagePack-121213192917	0	0	0	0	0	6
/mnt/storage/Programs/Adobe After Effects CC 12.2.0.52 Final Multilanguage [ChingLiu]/AfterEffects_CC_12_2_upd/payloads/AdobeAfterEffects12en_USLanguagePack-121213192853	E:\Programs\Adobe After Effects CC 12.2.0.52 Final Multilanguage [ChingLiu]\AfterEffects_CC_12_2_upd\payloads\AdobeAfterEffects12en_USLanguagePack-121213192853	0	0	0	0	0	6
/mnt/storage/Programs/Adobe After Effects CC 12.2.0.52 Final Multilanguage [ChingLiu]/AfterEffects_CC_12_2_upd/payloads/AdobeAfterEffects12es_ESLanguagePack-121213192940	E:\Programs\Adobe After Effects CC 12.2.0.52 Final Multilanguage [ChingLiu]\AfterEffects_CC_12_2_upd\payloads\AdobeAfterEffects12es_ESLanguagePack-121213192940	0	0	0	0	0	6
/mnt/storage/Programs/Adobe After Effects CC 12.2.0.52 Final Multilanguage [ChingLiu]/AfterEffects_CC_12_2_upd/payloads/AdobeAfterEffects12fr_FRLanguagePack-121213193004	E:\Programs\Adobe After Effects CC 12.2.0.52 Final Multilanguage [ChingLiu]\AfterEffects_CC_12_2_upd\payloads\AdobeAfterEffects12fr_FRLanguagePack-121213193004	0	0	0	0	0	6
/mnt/storage/Programs/Adobe After Effects CC 12.2.0.52 Final Multilanguage [ChingLiu]/AfterEffects_CC_12_2_upd/payloads/AdobeAfterEffects12it_ITLanguagePack-121213193027	E:\Programs\Adobe After Effects CC 12.2.0.52 Final Multilanguage [ChingLiu]\AfterEffects_CC_12_2_upd\payloads\AdobeAfterEffects12it_ITLanguagePack-121213193027	0	0	0	0	0	6
/mnt/storage/Programs/Adobe After Effects CC 12.2.0.52 Final Multilanguage [ChingLiu]/AfterEffects_CC_12_2_upd/payloads/AdobeAfterEffects12ja_JPLanguagePack-121213193050	E:\Programs\Adobe After Effects CC 12.2.0.52 Final Multilanguage [ChingLiu]\AfterEffects_CC_12_2_upd\payloads\AdobeAfterEffects12ja_JPLanguagePack-121213193050	0	0	0	0	0	6
/mnt/storage/Programs/Adobe After Effects CC 12.2.0.52 Final Multilanguage [ChingLiu]/AfterEffects_CC_12_2_upd/payloads/AdobeAfterEffects12ko_KRLanguagePack-121213193114	E:\Programs\Adobe After Effects CC 12.2.0.52 Final Multilanguage [ChingLiu]\AfterEffects_CC_12_2_upd\payloads\AdobeAfterEffects12ko_KRLanguagePack-121213193114	0	0	0	0	0	6
/mnt/storage/Programs/Adobe After Effects CC 12.2.0.52 Final Multilanguage [ChingLiu]/AfterEffects_CC_12_2_upd/payloads/AdobeAfterEffects12zh_CNLanguagePack-121213193137	E:\Programs\Adobe After Effects CC 12.2.0.52 Final Multilanguage [ChingLiu]\AfterEffects_CC_12_2_upd\payloads\AdobeAfterEffects12zh_CNLanguagePack-121213193137	0	0	0	0	0	6
/mnt/storage/Programs/Adobe After Effects CC 2017 v14.1.0 (x64)/Build/ASU/packages	E:\Programs\Adobe After Effects CC 2017 v14.1.0 (x64)\Build\ASU\packages	0	0	0	0	0	127
/mnt/storage/Programs/Adobe After Effects CC 2017 v14.1.0 (x64)/Build/ASU/resources	E:\Programs\Adobe After Effects CC 2017 v14.1.0 (x64)\Build\ASU\resources	0	0	0	0	1	2
/mnt/storage/Programs/Adobe After Effects CC 2017 v14.1.0 (x64)/Build/ASU2/packages	E:\Programs\Adobe After Effects CC 2017 v14.1.0 (x64)\Build\ASU2\packages	0	0	0	0	0	35
/mnt/storage/Programs/Adobe After Effects CC 2017 v14.1.0 (x64)/Build/ASU2/resources	E:\Programs\Adobe After Effects CC 2017 v14.1.0 (x64)\Build\ASU2\resources	0	0	0	0	2	34
/mnt/storage/Programs/Adobe After Effects CC 2017 v14.1.0 (x64)/Build/HD/ACR9.6	E:\Programs\Adobe After Effects CC 2017 v14.1.0 (x64)\Build\HD\ACR9.6	0	0	0	0	0	8
/mnt/storage/Programs/Adobe After Effects CC 2017 v14.1.0 (x64)/Build/HD/AEFT14.1.0	E:\Programs\Adobe After Effects CC 2017 v14.1.0 (x64)\Build\HD\AEFT14.1.0	0	0	0	0	0	5
/mnt/storage/Programs/Adobe After Effects CC 2017 v14.1.0 (x64)/Build/HD/COMP1.0	E:\Programs\Adobe After Effects CC 2017 v14.1.0 (x64)\Build\HD\COMP1.0	0	0	0	0	0	4
/mnt/storage/Programs/Adobe After Effects CC 2017 v14.1.0 (x64)/Build/HD/CORG1.0	E:\Programs\Adobe After Effects CC 2017 v14.1.0 (x64)\Build\HD\CORG1.0	0	0	0	0	0	3
/mnt/storage/Programs/Adobe After Effects CC 2017 v14.1.0 (x64)/Build/HD/KFNT1.0.0	E:\Programs\Adobe After Effects CC 2017 v14.1.0 (x64)\Build\HD\KFNT1.0.0	0	0	0	0	0	4
/mnt/storage/Programs/Adobe After Effects CC 2017 v14.1.0 (x64)/Build/Patches/AdobeApplicationManager-1.0_update14	E:\Programs\Adobe After Effects CC 2017 v14.1.0 (x64)\Build\Patches\AdobeApplicationManager-1.0_update14	0	0	0	0	2	73
/mnt/storage/Programs/Adobe InDesign CC 2017 v12.0 (x86x64)/win32/packages/AAM	E:\Programs\Adobe InDesign CC 2017 v12.0 (x86x64)\win32\packages\AAM	0	0	0	0	0	36
/mnt/storage/Programs/Adobe InDesign CC 2017 v12.0 (x86x64)/win32/packages/ACC	E:\Programs\Adobe InDesign CC 2017 v12.0 (x86x64)\win32\packages\ACC	0	0	0	0	0	60
/mnt/storage/Programs/Adobe InDesign CC 2017 v12.0 (x86x64)/win32/packages/ADC	E:\Programs\Adobe InDesign CC 2017 v12.0 (x86x64)\win32\packages\ADC	0	0	0	0	0	30
/mnt/storage/Programs/Adobe InDesign CC 2017 v12.0 (x86x64)/win32/products/COCM	E:\Programs\Adobe InDesign CC 2017 v12.0 (x86x64)\win32\products\COCM	0	0	0	0	0	2
/mnt/storage/Programs/Adobe InDesign CC 2017 v12.0 (x86x64)/win32/products/CORE	E:\Programs\Adobe InDesign CC 2017 v12.0 (x86x64)\win32\products\CORE	0	0	0	0	0	7
/mnt/storage/Programs/Adobe InDesign CC 2017 v12.0 (x86x64)/win32/products/CORG	E:\Programs\Adobe InDesign CC 2017 v12.0 (x86x64)\win32\products\CORG	0	0	0	0	0	2
/mnt/storage/Programs/Adobe InDesign CC 2017 v12.0 (x86x64)/win32/products/IDSN	E:\Programs\Adobe InDesign CC 2017 v12.0 (x86x64)\win32\products\IDSN	0	0	0	0	0	61
/mnt/storage/Programs/Adobe InDesign CC 2017 v12.0 (x86x64)/win32/resources/content	E:\Programs\Adobe InDesign CC 2017 v12.0 (x86x64)\win32\resources\content	0	0	0	0	0	2
/mnt/storage/Programs/Adobe InDesign CC 2017 v12.0 (x86x64)/win64/packages/AAM	E:\Programs\Adobe InDesign CC 2017 v12.0 (x86x64)\win64\packages\AAM	0	0	0	0	0	36
/mnt/storage/Programs/Adobe InDesign CC 2017 v12.0 (x86x64)/win64/packages/ACC	E:\Programs\Adobe InDesign CC 2017 v12.0 (x86x64)\win64\packages\ACC	0	0	0	0	0	60
/mnt/storage/Programs/Adobe InDesign CC 2017 v12.0 (x86x64)/win64/packages/ADC	E:\Programs\Adobe InDesign CC 2017 v12.0 (x86x64)\win64\packages\ADC	0	0	0	0	0	30
/mnt/storage/Programs/Adobe InDesign CC 2017 v12.0 (x86x64)/win64/products/COCM	E:\Programs\Adobe InDesign CC 2017 v12.0 (x86x64)\win64\products\COCM	0	0	0	0	0	2
/mnt/storage/Programs/Adobe InDesign CC 2017 v12.0 (x86x64)/win64/products/CORE	E:\Programs\Adobe InDesign CC 2017 v12.0 (x86x64)\win64\products\CORE	0	0	0	0	0	7
/mnt/storage/Programs/Adobe InDesign CC 2017 v12.0 (x86x64)/win64/products/CORG	E:\Programs\Adobe InDesign CC 2017 v12.0 (x86x64)\win64\products\CORG	0	0	0	0	0	2
/mnt/storage/Programs/Adobe InDesign CC 2017 v12.0 (x86x64)/win64/products/IDSN	E:\Programs\Adobe InDesign CC 2017 v12.0 (x86x64)\win64\products\IDSN	0	0	0	0	0	63
/mnt/storage/Programs/Adobe InDesign CC 2017 v12.0 (x86x64)/win64/resources/content	E:\Programs\Adobe InDesign CC 2017 v12.0 (x86x64)\win64\resources\content	0	0	0	0	0	2
/mnt/storage/Programs/Adobe Photoshop CC 14.2 Final Multilanguage [ChingLiu]/Adobe CC/packages/CCM	E:\Programs\Adobe Photoshop CC 14.2 Final Multilanguage [ChingLiu]\Adobe CC\packages\CCM	0	0	0	0	0	3
/mnt/storage/Programs/Adobe Photoshop CC 14.2 Final Multilanguage [ChingLiu]/Adobe CC/packages/core	E:\Programs\Adobe Photoshop CC 14.2 Final Multilanguage [ChingLiu]\Adobe CC\packages\core	0	0	0	0	0	3
/mnt/storage/Programs/Adobe Photoshop CC 14.2 Final Multilanguage [ChingLiu]/Adobe CC/packages/D6	E:\Programs\Adobe Photoshop CC 14.2 Final Multilanguage [ChingLiu]\Adobe CC\packages\D6	0	0	0	0	0	3
/mnt/storage/Programs/Adobe Photoshop CC 14.2 Final Multilanguage [ChingLiu]/Adobe CC/packages/DECore	E:\Programs\Adobe Photoshop CC 14.2 Final Multilanguage [ChingLiu]\Adobe CC\packages\DECore	0	0	0	0	0	3
/mnt/storage/Programs/Adobe Photoshop CC 14.2 Final Multilanguage [ChingLiu]/Adobe CC/packages/DWA	E:\Programs\Adobe Photoshop CC 14.2 Final Multilanguage [ChingLiu]\Adobe CC\packages\DWA	0	0	0	0	0	3
/mnt/storage/Programs/Adobe Photoshop CC 14.2 Final Multilanguage [ChingLiu]/Adobe CC/packages/LWA	E:\Programs\Adobe Photoshop CC 14.2 Final Multilanguage [ChingLiu]\Adobe CC\packages\LWA	0	0	0	0	0	3
/mnt/storage/Programs/Adobe Photoshop CC 14.2 Final Multilanguage [ChingLiu]/Adobe CC/packages/P6	E:\Programs\Adobe Photoshop CC 14.2 Final Multilanguage [ChingLiu]\Adobe CC\packages\P6	0	0	0	0	0	3
/mnt/storage/Programs/Adobe Photoshop CC 14.2 Final Multilanguage [ChingLiu]/Adobe CC/packages/P7	E:\Programs\Adobe Photoshop CC 14.2 Final Multilanguage [ChingLiu]\Adobe CC\packages\P7	0	0	0	0	0	3
/mnt/storage/Programs/Adobe Photoshop CC 14.2 Final Multilanguage [ChingLiu]/Adobe CC/packages/UWA	E:\Programs\Adobe Photoshop CC 14.2 Final Multilanguage [ChingLiu]\Adobe CC\packages\UWA	0	0	0	0	0	3
/mnt/storage/Programs/Adobe Photoshop CC 14.2 Final Multilanguage [ChingLiu]/Adobe CC/payloads/AdobeAPE3.4-mul	E:\Programs\Adobe Photoshop CC 14.2 Final Multilanguage [ChingLiu]\Adobe CC\payloads\AdobeAPE3.4-mul	0	0	0	0	0	5
/mnt/storage/Programs/Adobe Photoshop CC 14.2 Final Multilanguage [ChingLiu]/Adobe CC/payloads/AdobeAPE3.4_x64-mul	E:\Programs\Adobe Photoshop CC 14.2 Final Multilanguage [ChingLiu]\Adobe CC\payloads\AdobeAPE3.4_x64-mul	0	0	0	0	0	5
/mnt/storage/Programs/Adobe Photoshop CC 14.2 Final Multilanguage [ChingLiu]/Adobe CC/payloads/AdobeCameraRaw8.0All	E:\Programs\Adobe Photoshop CC 14.2 Final Multilanguage [ChingLiu]\Adobe CC\payloads\AdobeCameraRaw8.0All	0	0	0	0	0	5
/mnt/storage/Programs/Adobe Photoshop CC 14.2 Final Multilanguage [ChingLiu]/Adobe CC/payloads/AdobeCameraRaw8.0All-x64	E:\Programs\Adobe Photoshop CC 14.2 Final Multilanguage [ChingLiu]\Adobe CC\payloads\AdobeCameraRaw8.0All-x64	0	0	0	0	0	5
/mnt/storage/Programs/Adobe Photoshop CC 14.2 Final Multilanguage [ChingLiu]/Adobe CC/payloads/AdobeCameraRawProfile8.0All	E:\Programs\Adobe Photoshop CC 14.2 Final Multilanguage [ChingLiu]\Adobe CC\payloads\AdobeCameraRawProfile8.0All	0	0	0	0	0	5
/mnt/storage/Programs/Adobe Photoshop CC 14.2 Final Multilanguage [ChingLiu]/Adobe CC/payloads/AdobeColorCommonSetCMYK5_0-mul	E:\Programs\Adobe Photoshop CC 14.2 Final Multilanguage [ChingLiu]\Adobe CC\payloads\AdobeColorCommonSetCMYK5_0-mul	0	0	0	0	0	5
/mnt/storage/Programs/Adobe Photoshop CC 14.2 Final Multilanguage [ChingLiu]/Adobe CC/payloads/AdobeColorCommonSetRGB5_0-mul	E:\Programs\Adobe Photoshop CC 14.2 Final Multilanguage [ChingLiu]\Adobe CC\payloads\AdobeColorCommonSetRGB5_0-mul	0	0	0	0	0	5
/mnt/storage/Programs/Adobe Photoshop CC 14.2 Final Multilanguage [ChingLiu]/Adobe CC/payloads/AdobeColorEU_ExtraSettings5_0-mul	E:\Programs\Adobe Photoshop CC 14.2 Final Multilanguage [ChingLiu]\Adobe CC\payloads\AdobeColorEU_ExtraSettings5_0-mul	0	0	0	0	0	5
/mnt/storage/Programs/Adobe Photoshop CC 14.2 Final Multilanguage [ChingLiu]/Adobe CC/payloads/AdobeColorEU_Recommended5_0-mul	E:\Programs\Adobe Photoshop CC 14.2 Final Multilanguage [ChingLiu]\Adobe CC\payloads\AdobeColorEU_Recommended5_0-mul	0	0	0	0	0	5
/mnt/storage/Programs/Adobe Photoshop CC 14.2 Final Multilanguage [ChingLiu]/Adobe CC/payloads/AdobeColorJA_ExtraSettings5_0-mul	E:\Programs\Adobe Photoshop CC 14.2 Final Multilanguage [ChingLiu]\Adobe CC\payloads\AdobeColorJA_ExtraSettings5_0-mul	0	0	0	0	0	5
/mnt/storage/Programs/Adobe Photoshop CC 14.2 Final Multilanguage [ChingLiu]/Adobe CC/payloads/AdobeColorJA_Recommended5_0-mul	E:\Programs\Adobe Photoshop CC 14.2 Final Multilanguage [ChingLiu]\Adobe CC\payloads\AdobeColorJA_Recommended5_0-mul	0	0	0	0	0	5
/mnt/storage/Programs/Adobe Photoshop CC 14.2 Final Multilanguage [ChingLiu]/Adobe CC/payloads/AdobeColorNA_ExtraSettings5_0-mul	E:\Programs\Adobe Photoshop CC 14.2 Final Multilanguage [ChingLiu]\Adobe CC\payloads\AdobeColorNA_ExtraSettings5_0-mul	0	0	0	0	0	5
/mnt/storage/Programs/Adobe Photoshop CC 14.2 Final Multilanguage [ChingLiu]/Adobe CC/payloads/AdobeColorNA_Recommended5_0-mul	E:\Programs\Adobe Photoshop CC 14.2 Final Multilanguage [ChingLiu]\Adobe CC\payloads\AdobeColorNA_Recommended5_0-mul	0	0	0	0	0	5
/mnt/storage/Programs/Adobe Photoshop CC 14.2 Final Multilanguage [ChingLiu]/Adobe CC/payloads/AdobeColorPhotoshop5_0-mul	E:\Programs\Adobe Photoshop CC 14.2 Final Multilanguage [ChingLiu]\Adobe CC\payloads\AdobeColorPhotoshop5_0-mul	0	0	0	0	0	5
/mnt/storage/Programs/Adobe Photoshop CC 14.2 Final Multilanguage [ChingLiu]/Adobe CC/payloads/AdobeCSXSExtensions4-mul	E:\Programs\Adobe Photoshop CC 14.2 Final Multilanguage [ChingLiu]\Adobe CC\payloads\AdobeCSXSExtensions4-mul	0	0	0	0	0	5
/mnt/storage/Programs/Adobe Photoshop CC 14.2 Final Multilanguage [ChingLiu]/Adobe CC/payloads/AdobeCSXSInfrastructure4-mul	E:\Programs\Adobe Photoshop CC 14.2 Final Multilanguage [ChingLiu]\Adobe CC\payloads\AdobeCSXSInfrastructure4-mul	0	0	0	0	0	6
/mnt/storage/Programs/Adobe Photoshop CC 14.2 Final Multilanguage [ChingLiu]/Adobe CC/payloads/AdobeDynamicLinkMediaServer7All	E:\Programs\Adobe Photoshop CC 14.2 Final Multilanguage [ChingLiu]\Adobe CC\payloads\AdobeDynamicLinkMediaServer7All	0	0	0	0	0	5
/mnt/storage/Programs/Adobe Photoshop CC 14.2 Final Multilanguage [ChingLiu]/Adobe CC/payloads/AdobeDynamiclinkSupport7All	E:\Programs\Adobe Photoshop CC 14.2 Final Multilanguage [ChingLiu]\Adobe CC\payloads\AdobeDynamiclinkSupport7All	0	0	0	0	0	5
/mnt/storage/Programs/Adobe Photoshop CC 14.2 Final Multilanguage [ChingLiu]/Adobe CC/payloads/AdobeFontsRecommended-mul	E:\Programs\Adobe Photoshop CC 14.2 Final Multilanguage [ChingLiu]\Adobe CC\payloads\AdobeFontsRecommended-mul	0	0	0	0	0	5
/mnt/storage/Programs/Adobe Photoshop CC 14.2 Final Multilanguage [ChingLiu]/Adobe CC/payloads/AdobeFontsRecommended_x64-mul	E:\Programs\Adobe Photoshop CC 14.2 Final Multilanguage [ChingLiu]\Adobe CC\payloads\AdobeFontsRecommended_x64-mul	0	0	0	0	0	5
/mnt/storage/Programs/Adobe Photoshop CC 14.2 Final Multilanguage [ChingLiu]/Adobe CC/payloads/AdobeFontsRequired-mul	E:\Programs\Adobe Photoshop CC 14.2 Final Multilanguage [ChingLiu]\Adobe CC\payloads\AdobeFontsRequired-mul	0	0	0	0	0	5
/mnt/storage/Programs/Adobe Photoshop CC 14.2 Final Multilanguage [ChingLiu]/Adobe CC/payloads/AdobeFontsRequired_x64-mul	E:\Programs\Adobe Photoshop CC 14.2 Final Multilanguage [ChingLiu]\Adobe CC\payloads\AdobeFontsRequired_x64-mul	0	0	0	0	0	5
/mnt/storage/Programs/Adobe Photoshop CC 14.2 Final Multilanguage [ChingLiu]/Adobe CC/payloads/AdobePDFSettings12-ja_JP	E:\Programs\Adobe Photoshop CC 14.2 Final Multilanguage [ChingLiu]\Adobe CC\payloads\AdobePDFSettings12-ja_JP	0	0	0	0	0	2
/mnt/storage/Programs/Adobe Photoshop CC 14.2 Final Multilanguage [ChingLiu]/Adobe CC/payloads/AdobePDFSettings12-mul	E:\Programs\Adobe Photoshop CC 14.2 Final Multilanguage [ChingLiu]\Adobe CC\payloads\AdobePDFSettings12-mul	0	0	0	0	0	2
/mnt/storage/Programs/Adobe Photoshop CC 14.2 Final Multilanguage [ChingLiu]/Adobe CC/payloads/AdobePhotoshop14-Core	E:\Programs\Adobe Photoshop CC 14.2 Final Multilanguage [ChingLiu]\Adobe CC\payloads\AdobePhotoshop14-Core	0	0	0	0	0	7
/mnt/storage/Programs/Adobe Photoshop CC 14.2 Final Multilanguage [ChingLiu]/Adobe CC/payloads/AdobePhotoshop14-Core_x64	E:\Programs\Adobe Photoshop CC 14.2 Final Multilanguage [ChingLiu]\Adobe CC\payloads\AdobePhotoshop14-Core_x64	0	0	0	0	0	7
/mnt/storage/Programs/Adobe Photoshop CC 14.2 Final Multilanguage [ChingLiu]/Adobe CC/payloads/AdobePhotoshop14-cs_CZ	E:\Programs\Adobe Photoshop CC 14.2 Final Multilanguage [ChingLiu]\Adobe CC\payloads\AdobePhotoshop14-cs_CZ	0	0	0	0	0	5
/mnt/storage/Programs/Adobe Photoshop CC 14.2 Final Multilanguage [ChingLiu]/Adobe CC/payloads/AdobePhotoshop14-cs_CZ_x64	E:\Programs\Adobe Photoshop CC 14.2 Final Multilanguage [ChingLiu]\Adobe CC\payloads\AdobePhotoshop14-cs_CZ_x64	0	0	0	0	0	5
/mnt/storage/Programs/Adobe Photoshop CC 14.2 Final Multilanguage [ChingLiu]/Adobe CC/payloads/AdobePhotoshop14-da_DK	E:\Programs\Adobe Photoshop CC 14.2 Final Multilanguage [ChingLiu]\Adobe CC\payloads\AdobePhotoshop14-da_DK	0	0	0	0	0	5
/mnt/storage/Programs/Adobe Photoshop CC 14.2 Final Multilanguage [ChingLiu]/Adobe CC/payloads/AdobePhotoshop14-da_DK_x64	E:\Programs\Adobe Photoshop CC 14.2 Final Multilanguage [ChingLiu]\Adobe CC\payloads\AdobePhotoshop14-da_DK_x64	0	0	0	0	0	5
/mnt/storage/Programs/Adobe Photoshop CC 14.2 Final Multilanguage [ChingLiu]/Adobe CC/payloads/AdobePhotoshop14-de_DE	E:\Programs\Adobe Photoshop CC 14.2 Final Multilanguage [ChingLiu]\Adobe CC\payloads\AdobePhotoshop14-de_DE	0	0	0	0	0	5
/mnt/storage/Programs/Adobe Photoshop CC 14.2 Final Multilanguage [ChingLiu]/Adobe CC/payloads/AdobePhotoshop14-de_DE_x64	E:\Programs\Adobe Photoshop CC 14.2 Final Multilanguage [ChingLiu]\Adobe CC\payloads\AdobePhotoshop14-de_DE_x64	0	0	0	0	0	5
/mnt/storage/Programs/Adobe Photoshop CC 14.2 Final Multilanguage [ChingLiu]/Adobe CC/payloads/AdobePhotoshop14-Driver	E:\Programs\Adobe Photoshop CC 14.2 Final Multilanguage [ChingLiu]\Adobe CC\payloads\AdobePhotoshop14-Driver	0	0	0	0	0	7
/mnt/storage/Programs/Adobe Photoshop CC 14.2 Final Multilanguage [ChingLiu]/Adobe CC/payloads/AdobePhotoshop14-en_AE	E:\Programs\Adobe Photoshop CC 14.2 Final Multilanguage [ChingLiu]\Adobe CC\payloads\AdobePhotoshop14-en_AE	0	0	0	0	0	5
/mnt/storage/Programs/Adobe Photoshop CC 14.2 Final Multilanguage [ChingLiu]/Adobe CC/payloads/AdobePhotoshop14-en_AE_x64	E:\Programs\Adobe Photoshop CC 14.2 Final Multilanguage [ChingLiu]\Adobe CC\payloads\AdobePhotoshop14-en_AE_x64	0	0	0	0	0	5
/mnt/storage/Programs/Adobe Photoshop CC 14.2 Final Multilanguage [ChingLiu]/Adobe CC/payloads/AdobePhotoshop14-en_GB	E:\Programs\Adobe Photoshop CC 14.2 Final Multilanguage [ChingLiu]\Adobe CC\payloads\AdobePhotoshop14-en_GB	0	0	0	0	0	5
/mnt/storage/Programs/Adobe Photoshop CC 14.2 Final Multilanguage [ChingLiu]/Adobe CC/payloads/AdobePhotoshop14-en_GB_x64	E:\Programs\Adobe Photoshop CC 14.2 Final Multilanguage [ChingLiu]\Adobe CC\payloads\AdobePhotoshop14-en_GB_x64	0	0	0	0	0	5
/mnt/storage/Programs/Adobe Photoshop CC 14.2 Final Multilanguage [ChingLiu]/Adobe CC/payloads/AdobePhotoshop14-en_IL	E:\Programs\Adobe Photoshop CC 14.2 Final Multilanguage [ChingLiu]\Adobe CC\payloads\AdobePhotoshop14-en_IL	0	0	0	0	0	5
/mnt/storage/Programs/Adobe Photoshop CC 14.2 Final Multilanguage [ChingLiu]/Adobe CC/payloads/AdobePhotoshop14-en_IL_x64	E:\Programs\Adobe Photoshop CC 14.2 Final Multilanguage [ChingLiu]\Adobe CC\payloads\AdobePhotoshop14-en_IL_x64	0	0	0	0	0	5
/mnt/storage/Programs/Adobe Photoshop CC 14.2 Final Multilanguage [ChingLiu]/Adobe CC/payloads/AdobePhotoshop14-en_US	E:\Programs\Adobe Photoshop CC 14.2 Final Multilanguage [ChingLiu]\Adobe CC\payloads\AdobePhotoshop14-en_US	0	0	0	0	0	5
/mnt/storage/Programs/Adobe Photoshop CC 14.2 Final Multilanguage [ChingLiu]/Adobe CC/payloads/AdobePhotoshop14-en_US_x64	E:\Programs\Adobe Photoshop CC 14.2 Final Multilanguage [ChingLiu]\Adobe CC\payloads\AdobePhotoshop14-en_US_x64	0	0	0	0	0	5
/mnt/storage/Programs/Adobe Photoshop CC 14.2 Final Multilanguage [ChingLiu]/Adobe CC/payloads/AdobePhotoshop14-es_ES	E:\Programs\Adobe Photoshop CC 14.2 Final Multilanguage [ChingLiu]\Adobe CC\payloads\AdobePhotoshop14-es_ES	0	0	0	0	0	5
/mnt/storage/Programs/Adobe Photoshop CC 14.2 Final Multilanguage [ChingLiu]/Adobe CC/payloads/AdobePhotoshop14-es_ES_x64	E:\Programs\Adobe Photoshop CC 14.2 Final Multilanguage [ChingLiu]\Adobe CC\payloads\AdobePhotoshop14-es_ES_x64	0	0	0	0	0	5
/mnt/storage/Programs/Adobe Photoshop CC 14.2 Final Multilanguage [ChingLiu]/Adobe CC/payloads/AdobePhotoshop14-es_MX	E:\Programs\Adobe Photoshop CC 14.2 Final Multilanguage [ChingLiu]\Adobe CC\payloads\AdobePhotoshop14-es_MX	0	0	0	0	0	5
/mnt/storage/Programs/Adobe Photoshop CC 14.2 Final Multilanguage [ChingLiu]/Adobe CC/payloads/AdobePhotoshop14-es_MX_x64	E:\Programs\Adobe Photoshop CC 14.2 Final Multilanguage [ChingLiu]\Adobe CC\payloads\AdobePhotoshop14-es_MX_x64	0	0	0	0	0	5
/mnt/storage/Programs/Adobe Photoshop CC 14.2 Final Multilanguage [ChingLiu]/Adobe CC/payloads/AdobePhotoshop14-fi_FI	E:\Programs\Adobe Photoshop CC 14.2 Final Multilanguage [ChingLiu]\Adobe CC\payloads\AdobePhotoshop14-fi_FI	0	0	0	0	0	5
/mnt/storage/Programs/Adobe Photoshop CC 14.2 Final Multilanguage [ChingLiu]/Adobe CC/payloads/AdobePhotoshop14-fi_FI_x64	E:\Programs\Adobe Photoshop CC 14.2 Final Multilanguage [ChingLiu]\Adobe CC\payloads\AdobePhotoshop14-fi_FI_x64	0	0	0	0	0	5
/mnt/storage/Programs/Adobe Photoshop CC 14.2 Final Multilanguage [ChingLiu]/Adobe CC/payloads/AdobePhotoshop14-fr_CA	E:\Programs\Adobe Photoshop CC 14.2 Final Multilanguage [ChingLiu]\Adobe CC\payloads\AdobePhotoshop14-fr_CA	0	0	0	0	0	5
/mnt/storage/Programs/Adobe Photoshop CC 14.2 Final Multilanguage [ChingLiu]/Adobe CC/payloads/AdobePhotoshop14-fr_CA_x64	E:\Programs\Adobe Photoshop CC 14.2 Final Multilanguage [ChingLiu]\Adobe CC\payloads\AdobePhotoshop14-fr_CA_x64	0	0	0	0	0	5
/mnt/storage/Programs/Adobe Photoshop CC 14.2 Final Multilanguage [ChingLiu]/Adobe CC/payloads/AdobePhotoshop14-fr_FR	E:\Programs\Adobe Photoshop CC 14.2 Final Multilanguage [ChingLiu]\Adobe CC\payloads\AdobePhotoshop14-fr_FR	0	0	0	0	0	5
/mnt/storage/Programs/Adobe Photoshop CC 14.2 Final Multilanguage [ChingLiu]/Adobe CC/payloads/AdobePhotoshop14-fr_FR_x64	E:\Programs\Adobe Photoshop CC 14.2 Final Multilanguage [ChingLiu]\Adobe CC\payloads\AdobePhotoshop14-fr_FR_x64	0	0	0	0	0	5
/mnt/storage/Programs/Adobe Photoshop CC 14.2 Final Multilanguage [ChingLiu]/Adobe CC/payloads/AdobePhotoshop14-fr_MA	E:\Programs\Adobe Photoshop CC 14.2 Final Multilanguage [ChingLiu]\Adobe CC\payloads\AdobePhotoshop14-fr_MA	0	0	0	0	0	5
/mnt/storage/Programs/Adobe Photoshop CC 14.2 Final Multilanguage [ChingLiu]/Adobe CC/payloads/AdobePhotoshop14-fr_MA_x64	E:\Programs\Adobe Photoshop CC 14.2 Final Multilanguage [ChingLiu]\Adobe CC\payloads\AdobePhotoshop14-fr_MA_x64	0	0	0	0	0	5
/mnt/storage/Programs/Adobe Photoshop CC 14.2 Final Multilanguage [ChingLiu]/Adobe CC/payloads/AdobePhotoshop14-hu_HU	E:\Programs\Adobe Photoshop CC 14.2 Final Multilanguage [ChingLiu]\Adobe CC\payloads\AdobePhotoshop14-hu_HU	0	0	0	0	0	5
/mnt/storage/Programs/Adobe Photoshop CC 14.2 Final Multilanguage [ChingLiu]/Adobe CC/payloads/AdobePhotoshop14-hu_HU_x64	E:\Programs\Adobe Photoshop CC 14.2 Final Multilanguage [ChingLiu]\Adobe CC\payloads\AdobePhotoshop14-hu_HU_x64	0	0	0	0	0	5
/mnt/storage/Programs/Adobe Photoshop CC 14.2 Final Multilanguage [ChingLiu]/Adobe CC/payloads/AdobePhotoshop14-it_IT	E:\Programs\Adobe Photoshop CC 14.2 Final Multilanguage [ChingLiu]\Adobe CC\payloads\AdobePhotoshop14-it_IT	0	0	0	0	0	5
/mnt/storage/Programs/Adobe Photoshop CC 14.2 Final Multilanguage [ChingLiu]/Adobe CC/payloads/AdobePhotoshop14-it_IT_x64	E:\Programs\Adobe Photoshop CC 14.2 Final Multilanguage [ChingLiu]\Adobe CC\payloads\AdobePhotoshop14-it_IT_x64	0	0	0	0	0	5
/mnt/storage/Programs/Adobe Photoshop CC 14.2 Final Multilanguage [ChingLiu]/Adobe CC/payloads/AdobePhotoshop14-ja_JP	E:\Programs\Adobe Photoshop CC 14.2 Final Multilanguage [ChingLiu]\Adobe CC\payloads\AdobePhotoshop14-ja_JP	0	0	0	0	0	5
/mnt/storage/Programs/Adobe Photoshop CC 14.2 Final Multilanguage [ChingLiu]/Adobe CC/payloads/AdobePhotoshop14-ja_JP_x64	E:\Programs\Adobe Photoshop CC 14.2 Final Multilanguage [ChingLiu]\Adobe CC\payloads\AdobePhotoshop14-ja_JP_x64	0	0	0	0	0	5
/mnt/storage/Programs/Adobe Photoshop CC 14.2 Final Multilanguage [ChingLiu]/Adobe CC/payloads/AdobePhotoshop14-ko_KR	E:\Programs\Adobe Photoshop CC 14.2 Final Multilanguage [ChingLiu]\Adobe CC\payloads\AdobePhotoshop14-ko_KR	0	0	0	0	0	5
/mnt/storage/Programs/Adobe Photoshop CC 14.2 Final Multilanguage [ChingLiu]/Adobe CC/payloads/AdobePhotoshop14-ko_KR_x64	E:\Programs\Adobe Photoshop CC 14.2 Final Multilanguage [ChingLiu]\Adobe CC\payloads\AdobePhotoshop14-ko_KR_x64	0	0	0	0	0	5
/mnt/storage/Programs/Adobe Photoshop CC 14.2 Final Multilanguage [ChingLiu]/Adobe CC/payloads/AdobePhotoshop14-nb_NO	E:\Programs\Adobe Photoshop CC 14.2 Final Multilanguage [ChingLiu]\Adobe CC\payloads\AdobePhotoshop14-nb_NO	0	0	0	0	0	5
/mnt/storage/Programs/Adobe Photoshop CC 14.2 Final Multilanguage [ChingLiu]/Adobe CC/payloads/AdobePhotoshop14-nb_NO_x64	E:\Programs\Adobe Photoshop CC 14.2 Final Multilanguage [ChingLiu]\Adobe CC\payloads\AdobePhotoshop14-nb_NO_x64	0	0	0	0	0	5
/mnt/storage/Programs/Adobe Photoshop CC 14.2 Final Multilanguage [ChingLiu]/Adobe CC/payloads/AdobePhotoshop14-nl_NL	E:\Programs\Adobe Photoshop CC 14.2 Final Multilanguage [ChingLiu]\Adobe CC\payloads\AdobePhotoshop14-nl_NL	0	0	0	0	0	5
/mnt/storage/Programs/Adobe Photoshop CC 14.2 Final Multilanguage [ChingLiu]/Adobe CC/payloads/AdobePhotoshop14-nl_NL_x64	E:\Programs\Adobe Photoshop CC 14.2 Final Multilanguage [ChingLiu]\Adobe CC\payloads\AdobePhotoshop14-nl_NL_x64	0	0	0	0	0	5
/mnt/storage/Programs/Adobe Photoshop CC 14.2 Final Multilanguage [ChingLiu]/Adobe CC/payloads/AdobePhotoshop14-pl_PL	E:\Programs\Adobe Photoshop CC 14.2 Final Multilanguage [ChingLiu]\Adobe CC\payloads\AdobePhotoshop14-pl_PL	0	0	0	0	0	5
/mnt/storage/Programs/Adobe Photoshop CC 14.2 Final Multilanguage [ChingLiu]/Adobe CC/payloads/AdobePhotoshop14-pl_PL_x64	E:\Programs\Adobe Photoshop CC 14.2 Final Multilanguage [ChingLiu]\Adobe CC\payloads\AdobePhotoshop14-pl_PL_x64	0	0	0	0	0	5
/mnt/storage/Programs/Adobe Photoshop CC 14.2 Final Multilanguage [ChingLiu]/Adobe CC/payloads/AdobePhotoshop14-pt_BR	E:\Programs\Adobe Photoshop CC 14.2 Final Multilanguage [ChingLiu]\Adobe CC\payloads\AdobePhotoshop14-pt_BR	0	0	0	0	0	5
/mnt/storage/Programs/Adobe Photoshop CC 14.2 Final Multilanguage [ChingLiu]/Adobe CC/payloads/AdobePhotoshop14-pt_BR_x64	E:\Programs\Adobe Photoshop CC 14.2 Final Multilanguage [ChingLiu]\Adobe CC\payloads\AdobePhotoshop14-pt_BR_x64	0	0	0	0	0	5
/mnt/storage/Programs/Adobe Photoshop CC 14.2 Final Multilanguage [ChingLiu]/Adobe CC/payloads/AdobePhotoshop14-ru_RU	E:\Programs\Adobe Photoshop CC 14.2 Final Multilanguage [ChingLiu]\Adobe CC\payloads\AdobePhotoshop14-ru_RU	0	0	0	0	0	5
/mnt/storage/Programs/Adobe Photoshop CC 14.2 Final Multilanguage [ChingLiu]/Adobe CC/payloads/AdobePhotoshop14-ru_RU_x64	E:\Programs\Adobe Photoshop CC 14.2 Final Multilanguage [ChingLiu]\Adobe CC\payloads\AdobePhotoshop14-ru_RU_x64	0	0	0	0	0	5
/mnt/storage/Programs/Adobe Photoshop CC 14.2 Final Multilanguage [ChingLiu]/Adobe CC/payloads/AdobePhotoshop14-Support	E:\Programs\Adobe Photoshop CC 14.2 Final Multilanguage [ChingLiu]\Adobe CC\payloads\AdobePhotoshop14-Support	0	0	0	0	0	5
/mnt/storage/Programs/Adobe Photoshop CC 14.2 Final Multilanguage [ChingLiu]/Adobe CC/payloads/AdobePhotoshop14-sv_SE	E:\Programs\Adobe Photoshop CC 14.2 Final Multilanguage [ChingLiu]\Adobe CC\payloads\AdobePhotoshop14-sv_SE	0	0	0	0	0	5
/mnt/storage/Programs/Adobe Photoshop CC 14.2 Final Multilanguage [ChingLiu]/Adobe CC/payloads/AdobePhotoshop14-sv_SE_x64	E:\Programs\Adobe Photoshop CC 14.2 Final Multilanguage [ChingLiu]\Adobe CC\payloads\AdobePhotoshop14-sv_SE_x64	0	0	0	0	0	5
/mnt/storage/Programs/Adobe Photoshop CC 14.2 Final Multilanguage [ChingLiu]/Adobe CC/payloads/AdobePhotoshop14-tr_TR	E:\Programs\Adobe Photoshop CC 14.2 Final Multilanguage [ChingLiu]\Adobe CC\payloads\AdobePhotoshop14-tr_TR	0	0	0	0	0	5
/mnt/storage/Programs/Adobe Photoshop CC 14.2 Final Multilanguage [ChingLiu]/Adobe CC/payloads/AdobePhotoshop14-tr_TR_x64	E:\Programs\Adobe Photoshop CC 14.2 Final Multilanguage [ChingLiu]\Adobe CC\payloads\AdobePhotoshop14-tr_TR_x64	0	0	0	0	0	5
/mnt/storage/Programs/Adobe Photoshop CC 14.2 Final Multilanguage [ChingLiu]/Adobe CC/payloads/AdobePhotoshop14-uk_UA	E:\Programs\Adobe Photoshop CC 14.2 Final Multilanguage [ChingLiu]\Adobe CC\payloads\AdobePhotoshop14-uk_UA	0	0	0	0	0	5
/mnt/storage/Programs/Adobe Photoshop CC 14.2 Final Multilanguage [ChingLiu]/Adobe CC/payloads/AdobePhotoshop14-uk_UA_x64	E:\Programs\Adobe Photoshop CC 14.2 Final Multilanguage [ChingLiu]\Adobe CC\payloads\AdobePhotoshop14-uk_UA_x64	0	0	0	0	0	5
/mnt/storage/Programs/Adobe Photoshop CC 14.2 Final Multilanguage [ChingLiu]/Adobe CC/payloads/AdobePhotoshop14-zh_CN	E:\Programs\Adobe Photoshop CC 14.2 Final Multilanguage [ChingLiu]\Adobe CC\payloads\AdobePhotoshop14-zh_CN	0	0	0	0	0	5
/mnt/storage/Programs/Adobe Photoshop CC 14.2 Final Multilanguage [ChingLiu]/Adobe CC/payloads/AdobePhotoshop14-zh_CN_x64	E:\Programs\Adobe Photoshop CC 14.2 Final Multilanguage [ChingLiu]\Adobe CC\payloads\AdobePhotoshop14-zh_CN_x64	0	0	0	0	0	5
/mnt/storage/Programs/Adobe Photoshop CC 14.2 Final Multilanguage [ChingLiu]/Adobe CC/payloads/AdobePhotoshop14-zh_TW	E:\Programs\Adobe Photoshop CC 14.2 Final Multilanguage [ChingLiu]\Adobe CC\payloads\AdobePhotoshop14-zh_TW	0	0	0	0	0	5
/mnt/storage/Programs/Adobe Photoshop CC 14.2 Final Multilanguage [ChingLiu]/Adobe CC/payloads/AdobePhotoshop14-zh_TW_x64	E:\Programs\Adobe Photoshop CC 14.2 Final Multilanguage [ChingLiu]\Adobe CC\payloads\AdobePhotoshop14-zh_TW_x64	0	0	0	0	0	5
/mnt/storage/Programs/Adobe Photoshop CC 14.2 Final Multilanguage [ChingLiu]/Adobe CC/payloads/AdobeVideoProfilesCS5_0-mul	E:\Programs\Adobe Photoshop CC 14.2 Final Multilanguage [ChingLiu]\Adobe CC\payloads\AdobeVideoProfilesCS5_0-mul	0	0	0	0	0	5
/mnt/storage/Programs/Adobe Photoshop CC 14.2 Final Multilanguage [ChingLiu]/Adobe CC/payloads/Microsoft VC 2005 Redist (x64)	E:\Programs\Adobe Photoshop CC 14.2 Final Multilanguage [ChingLiu]\Adobe CC\payloads\Microsoft VC 2005 Redist (x64)	0	0	0	0	0	2
/mnt/storage/Programs/Adobe Photoshop CC 14.2 Final Multilanguage [ChingLiu]/Adobe CC/payloads/Microsoft VC 2005 Redist (x86)	E:\Programs\Adobe Photoshop CC 14.2 Final Multilanguage [ChingLiu]\Adobe CC\payloads\Microsoft VC 2005 Redist (x86)	0	0	0	0	0	2
/mnt/storage/Programs/Adobe Photoshop CC 14.2 Final Multilanguage [ChingLiu]/Adobe CC/payloads/Microsoft VC 2008 Redist (x64)	E:\Programs\Adobe Photoshop CC 14.2 Final Multilanguage [ChingLiu]\Adobe CC\payloads\Microsoft VC 2008 Redist (x64)	0	0	0	0	0	2
/mnt/storage/Programs/Adobe Photoshop CC 14.2 Final Multilanguage [ChingLiu]/Adobe CC/payloads/Microsoft VC 2008 Redist (x86)	E:\Programs\Adobe Photoshop CC 14.2 Final Multilanguage [ChingLiu]\Adobe CC\payloads\Microsoft VC 2008 Redist (x86)	0	0	0	0	0	2
/mnt/storage/Programs/Adobe Photoshop CC 14.2 Final Multilanguage [ChingLiu]/Adobe CC/payloads/Microsoft VC 2010 Redist (x64)	E:\Programs\Adobe Photoshop CC 14.2 Final Multilanguage [ChingLiu]\Adobe CC\payloads\Microsoft VC 2010 Redist (x64)	0	0	0	0	0	2
/mnt/storage/Programs/Adobe Photoshop CC 14.2 Final Multilanguage [ChingLiu]/Adobe CC/payloads/Microsoft VC 2010 Redist (x86)	E:\Programs\Adobe Photoshop CC 14.2 Final Multilanguage [ChingLiu]\Adobe CC\payloads\Microsoft VC 2010 Redist (x86)	0	0	0	0	0	2
/mnt/storage/Programs/Adobe Photoshop CC 14.2 Final Multilanguage [ChingLiu]/Adobe CC/payloads/ShareOnBehance1-mul	E:\Programs\Adobe Photoshop CC 14.2 Final Multilanguage [ChingLiu]\Adobe CC\payloads\ShareOnBehance1-mul	0	0	0	0	0	5
/mnt/storage/Programs/Adobe Photoshop CC 14.2 Final Multilanguage [ChingLiu]/Adobe CC/resources/Dictionary	E:\Programs\Adobe Photoshop CC 14.2 Final Multilanguage [ChingLiu]\Adobe CC\resources\Dictionary	0	0	0	0	0	31
/mnt/storage/Programs/Adobe Photoshop CC 14.2 Final Multilanguage [ChingLiu]/Update to 14.2/payloads/AdobePhotoshop14-Core-111213052454	E:\Programs\Adobe Photoshop CC 14.2 Final Multilanguage [ChingLiu]\Update to 14.2\payloads\AdobePhotoshop14-Core-111213052454	0	0	0	0	0	7
/mnt/storage/Programs/Adobe Photoshop CC 14.2 Final Multilanguage [ChingLiu]/Update to 14.2/payloads/AdobePhotoshop14-Core_x64-111213053247	E:\Programs\Adobe Photoshop CC 14.2 Final Multilanguage [ChingLiu]\Update to 14.2\payloads\AdobePhotoshop14-Core_x64-111213053247	0	0	0	0	0	7
/mnt/storage/Programs/Adobe Photoshop CC 14.2 Final Multilanguage [ChingLiu]/Update to 14.2/payloads/AdobePhotoshop14-cs_CZ-111213045913	E:\Programs\Adobe Photoshop CC 14.2 Final Multilanguage [ChingLiu]\Update to 14.2\payloads\AdobePhotoshop14-cs_CZ-111213045913	0	0	0	0	0	6
/mnt/storage/Programs/Adobe Photoshop CC 14.2 Final Multilanguage [ChingLiu]/Update to 14.2/payloads/AdobePhotoshop14-cs_CZ_x64-111213050035	E:\Programs\Adobe Photoshop CC 14.2 Final Multilanguage [ChingLiu]\Update to 14.2\payloads\AdobePhotoshop14-cs_CZ_x64-111213050035	0	0	0	0	0	6
/mnt/storage/Programs/Adobe Photoshop CC 14.2 Final Multilanguage [ChingLiu]/Update to 14.2/payloads/AdobePhotoshop14-da_DK-111213043119	E:\Programs\Adobe Photoshop CC 14.2 Final Multilanguage [ChingLiu]\Update to 14.2\payloads\AdobePhotoshop14-da_DK-111213043119	0	0	0	0	0	6
/mnt/storage/Programs/Adobe Photoshop CC 14.2 Final Multilanguage [ChingLiu]/Update to 14.2/payloads/AdobePhotoshop14-da_DK_x64-111213043244	E:\Programs\Adobe Photoshop CC 14.2 Final Multilanguage [ChingLiu]\Update to 14.2\payloads\AdobePhotoshop14-da_DK_x64-111213043244	0	0	0	0	0	6
/mnt/storage/Programs/Adobe Photoshop CC 14.2 Final Multilanguage [ChingLiu]/Update to 14.2/payloads/AdobePhotoshop14-de_DE-111213042545	E:\Programs\Adobe Photoshop CC 14.2 Final Multilanguage [ChingLiu]\Update to 14.2\payloads\AdobePhotoshop14-de_DE-111213042545	0	0	0	0	0	6
/mnt/storage/Programs/Adobe Photoshop CC 14.2 Final Multilanguage [ChingLiu]/Update to 14.2/payloads/AdobePhotoshop14-de_DE_x64-111213042709	E:\Programs\Adobe Photoshop CC 14.2 Final Multilanguage [ChingLiu]\Update to 14.2\payloads\AdobePhotoshop14-de_DE_x64-111213042709	0	0	0	0	0	6
/mnt/storage/Programs/Adobe Photoshop CC 14.2 Final Multilanguage [ChingLiu]/Update to 14.2/payloads/AdobePhotoshop14-en_AE-111213051538	E:\Programs\Adobe Photoshop CC 14.2 Final Multilanguage [ChingLiu]\Update to 14.2\payloads\AdobePhotoshop14-en_AE-111213051538	0	0	0	0	0	6
/mnt/storage/Programs/Adobe Photoshop CC 14.2 Final Multilanguage [ChingLiu]/Update to 14.2/payloads/AdobePhotoshop14-en_AE_x64-111213051701	E:\Programs\Adobe Photoshop CC 14.2 Final Multilanguage [ChingLiu]\Update to 14.2\payloads\AdobePhotoshop14-en_AE_x64-111213051701	0	0	0	0	0	6
/mnt/storage/Programs/Adobe Photoshop CC 14.2 Final Multilanguage [ChingLiu]/Update to 14.2/payloads/AdobePhotoshop14-en_GB-111213041200	E:\Programs\Adobe Photoshop CC 14.2 Final Multilanguage [ChingLiu]\Update to 14.2\payloads\AdobePhotoshop14-en_GB-111213041200	0	0	0	0	0	6
/mnt/storage/Programs/Adobe Photoshop CC 14.2 Final Multilanguage [ChingLiu]/Update to 14.2/payloads/AdobePhotoshop14-en_GB_x64-111213041331	E:\Programs\Adobe Photoshop CC 14.2 Final Multilanguage [ChingLiu]\Update to 14.2\payloads\AdobePhotoshop14-en_GB_x64-111213041331	0	0	0	0	0	6
/mnt/storage/Programs/Adobe Photoshop CC 14.2 Final Multilanguage [ChingLiu]/Update to 14.2/payloads/AdobePhotoshop14-en_IL-111213051823	E:\Programs\Adobe Photoshop CC 14.2 Final Multilanguage [ChingLiu]\Update to 14.2\payloads\AdobePhotoshop14-en_IL-111213051823	0	0	0	0	0	6
/mnt/storage/Programs/Adobe Photoshop CC 14.2 Final Multilanguage [ChingLiu]/Update to 14.2/payloads/AdobePhotoshop14-en_IL_x64-111213051946	E:\Programs\Adobe Photoshop CC 14.2 Final Multilanguage [ChingLiu]\Update to 14.2\payloads\AdobePhotoshop14-en_IL_x64-111213051946	0	0	0	0	0	6
/mnt/storage/Programs/Adobe Photoshop CC 14.2 Final Multilanguage [ChingLiu]/Update to 14.2/payloads/AdobePhotoshop14-es_ES-111213044804	E:\Programs\Adobe Photoshop CC 14.2 Final Multilanguage [ChingLiu]\Update to 14.2\payloads\AdobePhotoshop14-es_ES-111213044804	0	0	0	0	0	6
/mnt/storage/Programs/Adobe Photoshop CC 14.2 Final Multilanguage [ChingLiu]/Update to 14.2/payloads/AdobePhotoshop14-es_ES_x64-111213044929	E:\Programs\Adobe Photoshop CC 14.2 Final Multilanguage [ChingLiu]\Update to 14.2\payloads\AdobePhotoshop14-es_ES_x64-111213044929	0	0	0	0	0	6
/mnt/storage/Programs/Adobe Photoshop CC 14.2 Final Multilanguage [ChingLiu]/Update to 14.2/payloads/AdobePhotoshop14-es_MX-111213044518	E:\Programs\Adobe Photoshop CC 14.2 Final Multilanguage [ChingLiu]\Update to 14.2\payloads\AdobePhotoshop14-es_MX-111213044518	0	0	0	0	0	6
/mnt/storage/Programs/Adobe Photoshop CC 14.2 Final Multilanguage [ChingLiu]/Update to 14.2/payloads/AdobePhotoshop14-es_MX_x64-111213044641	E:\Programs\Adobe Photoshop CC 14.2 Final Multilanguage [ChingLiu]\Update to 14.2\payloads\AdobePhotoshop14-es_MX_x64-111213044641	0	0	0	0	0	6
/mnt/storage/Programs/Adobe Photoshop CC 14.2 Final Multilanguage [ChingLiu]/Update to 14.2/payloads/AdobePhotoshop14-fi_FI-111213045338	E:\Programs\Adobe Photoshop CC 14.2 Final Multilanguage [ChingLiu]\Update to 14.2\payloads\AdobePhotoshop14-fi_FI-111213045338	0	0	0	0	0	6
/mnt/storage/Programs/Adobe Photoshop CC 14.2 Final Multilanguage [ChingLiu]/Update to 14.2/payloads/AdobePhotoshop14-fi_FI_x64-111213045502	E:\Programs\Adobe Photoshop CC 14.2 Final Multilanguage [ChingLiu]\Update to 14.2\payloads\AdobePhotoshop14-fi_FI_x64-111213045502	0	0	0	0	0	6
/mnt/storage/Programs/Adobe Photoshop CC 14.2 Final Multilanguage [ChingLiu]/Update to 14.2/payloads/AdobePhotoshop14-fr_CA-111213044230	E:\Programs\Adobe Photoshop CC 14.2 Final Multilanguage [ChingLiu]\Update to 14.2\payloads\AdobePhotoshop14-fr_CA-111213044230	0	0	0	0	0	6
/mnt/storage/Programs/Adobe Photoshop CC 14.2 Final Multilanguage [ChingLiu]/Update to 14.2/payloads/AdobePhotoshop14-fr_CA_x64-111213044353	E:\Programs\Adobe Photoshop CC 14.2 Final Multilanguage [ChingLiu]\Update to 14.2\payloads\AdobePhotoshop14-fr_CA_x64-111213044353	0	0	0	0	0	6
/mnt/storage/Programs/Adobe Photoshop CC 14.2 Final Multilanguage [ChingLiu]/Update to 14.2/payloads/AdobePhotoshop14-fr_FR-111213043940	E:\Programs\Adobe Photoshop CC 14.2 Final Multilanguage [ChingLiu]\Update to 14.2\payloads\AdobePhotoshop14-fr_FR-111213043940	0	0	0	0	0	6
/mnt/storage/Programs/Adobe Photoshop CC 14.2 Final Multilanguage [ChingLiu]/Update to 14.2/payloads/AdobePhotoshop14-fr_FR_x64-111213044106	E:\Programs\Adobe Photoshop CC 14.2 Final Multilanguage [ChingLiu]\Update to 14.2\payloads\AdobePhotoshop14-fr_FR_x64-111213044106	0	0	0	0	0	6
/mnt/storage/Programs/Adobe Photoshop CC 14.2 Final Multilanguage [ChingLiu]/Update to 14.2/payloads/AdobePhotoshop14-fr_MA-111213052108	E:\Programs\Adobe Photoshop CC 14.2 Final Multilanguage [ChingLiu]\Update to 14.2\payloads\AdobePhotoshop14-fr_MA-111213052108	0	0	0	0	0	6
/mnt/storage/Programs/Adobe Photoshop CC 14.2 Final Multilanguage [ChingLiu]/Update to 14.2/payloads/AdobePhotoshop14-fr_MA_x64-111213052231	E:\Programs\Adobe Photoshop CC 14.2 Final Multilanguage [ChingLiu]\Update to 14.2\payloads\AdobePhotoshop14-fr_MA_x64-111213052231	0	0	0	0	0	6
/mnt/storage/Programs/Adobe Photoshop CC 14.2 Final Multilanguage [ChingLiu]/Update to 14.2/payloads/AdobePhotoshop14-hu_HU-111213051254	E:\Programs\Adobe Photoshop CC 14.2 Final Multilanguage [ChingLiu]\Update to 14.2\payloads\AdobePhotoshop14-hu_HU-111213051254	0	0	0	0	0	6
/mnt/storage/Programs/Adobe Photoshop CC 14.2 Final Multilanguage [ChingLiu]/Update to 14.2/payloads/AdobePhotoshop14-hu_HU_x64-111213051417	E:\Programs\Adobe Photoshop CC 14.2 Final Multilanguage [ChingLiu]\Update to 14.2\payloads\AdobePhotoshop14-hu_HU_x64-111213051417	0	0	0	0	0	6
/mnt/storage/Programs/Adobe Photoshop CC 14.2 Final Multilanguage [ChingLiu]/Update to 14.2/payloads/AdobePhotoshop14-it_IT-111213043406	E:\Programs\Adobe Photoshop CC 14.2 Final Multilanguage [ChingLiu]\Update to 14.2\payloads\AdobePhotoshop14-it_IT-111213043406	0	0	0	0	0	6
/mnt/storage/Programs/Adobe Photoshop CC 14.2 Final Multilanguage [ChingLiu]/Update to 14.2/payloads/AdobePhotoshop14-it_IT_x64-111213043532	E:\Programs\Adobe Photoshop CC 14.2 Final Multilanguage [ChingLiu]\Update to 14.2\payloads\AdobePhotoshop14-it_IT_x64-111213043532	0	0	0	0	0	6
/mnt/storage/Programs/Adobe Photoshop CC 14.2 Final Multilanguage [ChingLiu]/Update to 14.2/payloads/AdobePhotoshop14-ja_JP-111213041456	E:\Programs\Adobe Photoshop CC 14.2 Final Multilanguage [ChingLiu]\Update to 14.2\payloads\AdobePhotoshop14-ja_JP-111213041456	0	0	0	0	0	6
/mnt/storage/Programs/Adobe Photoshop CC 14.2 Final Multilanguage [ChingLiu]/Update to 14.2/payloads/AdobePhotoshop14-ja_JP_x64-111213041618	E:\Programs\Adobe Photoshop CC 14.2 Final Multilanguage [ChingLiu]\Update to 14.2\payloads\AdobePhotoshop14-ja_JP_x64-111213041618	0	0	0	0	0	6
/mnt/storage/Programs/Adobe Photoshop CC 14.2 Final Multilanguage [ChingLiu]/Update to 14.2/payloads/AdobePhotoshop14-ko_KR-111213041738	E:\Programs\Adobe Photoshop CC 14.2 Final Multilanguage [ChingLiu]\Update to 14.2\payloads\AdobePhotoshop14-ko_KR-111213041738	0	0	0	0	0	6
/mnt/storage/Programs/Adobe Photoshop CC 14.2 Final Multilanguage [ChingLiu]/Update to 14.2/payloads/AdobePhotoshop14-ko_KR_x64-111213041859	E:\Programs\Adobe Photoshop CC 14.2 Final Multilanguage [ChingLiu]\Update to 14.2\payloads\AdobePhotoshop14-ko_KR_x64-111213041859	0	0	0	0	0	6
/mnt/storage/Programs/Adobe Photoshop CC 14.2 Final Multilanguage [ChingLiu]/Update to 14.2/payloads/AdobePhotoshop14-nb_NO-111213045627	E:\Programs\Adobe Photoshop CC 14.2 Final Multilanguage [ChingLiu]\Update to 14.2\payloads\AdobePhotoshop14-nb_NO-111213045627	0	0	0	0	0	6
/mnt/storage/Programs/Adobe Photoshop CC 14.2 Final Multilanguage [ChingLiu]/Update to 14.2/payloads/AdobePhotoshop14-nb_NO_x64-111213045750	E:\Programs\Adobe Photoshop CC 14.2 Final Multilanguage [ChingLiu]\Update to 14.2\payloads\AdobePhotoshop14-nb_NO_x64-111213045750	0	0	0	0	0	6
/mnt/storage/Programs/Adobe Photoshop CC 14.2 Final Multilanguage [ChingLiu]/Update to 14.2/payloads/AdobePhotoshop14-nl_NL-111213043654	E:\Programs\Adobe Photoshop CC 14.2 Final Multilanguage [ChingLiu]\Update to 14.2\payloads\AdobePhotoshop14-nl_NL-111213043654	0	0	0	0	0	6
/mnt/storage/Programs/Adobe Photoshop CC 14.2 Final Multilanguage [ChingLiu]/Update to 14.2/payloads/AdobePhotoshop14-nl_NL_x64-111213043818	E:\Programs\Adobe Photoshop CC 14.2 Final Multilanguage [ChingLiu]\Update to 14.2\payloads\AdobePhotoshop14-nl_NL_x64-111213043818	0	0	0	0	0	6
/mnt/storage/Programs/Adobe Photoshop CC 14.2 Final Multilanguage [ChingLiu]/Update to 14.2/payloads/AdobePhotoshop14-pl_PL-111213050157	E:\Programs\Adobe Photoshop CC 14.2 Final Multilanguage [ChingLiu]\Update to 14.2\payloads\AdobePhotoshop14-pl_PL-111213050157	0	0	0	0	0	6
/mnt/storage/Programs/Adobe Photoshop CC 14.2 Final Multilanguage [ChingLiu]/Update to 14.2/payloads/AdobePhotoshop14-pl_PL_x64-111213050320	E:\Programs\Adobe Photoshop CC 14.2 Final Multilanguage [ChingLiu]\Update to 14.2\payloads\AdobePhotoshop14-pl_PL_x64-111213050320	0	0	0	0	0	6
/mnt/storage/Programs/Adobe Photoshop CC 14.2 Final Multilanguage [ChingLiu]/Update to 14.2/payloads/AdobePhotoshop14-pt_BR-111213042833	E:\Programs\Adobe Photoshop CC 14.2 Final Multilanguage [ChingLiu]\Update to 14.2\payloads\AdobePhotoshop14-pt_BR-111213042833	0	0	0	0	0	6
/mnt/storage/Programs/Adobe Photoshop CC 14.2 Final Multilanguage [ChingLiu]/Update to 14.2/payloads/AdobePhotoshop14-pt_BR_x64-111213042957	E:\Programs\Adobe Photoshop CC 14.2 Final Multilanguage [ChingLiu]\Update to 14.2\payloads\AdobePhotoshop14-pt_BR_x64-111213042957	0	0	0	0	0	6
/mnt/storage/Programs/Adobe Photoshop CC 14.2 Final Multilanguage [ChingLiu]/Update to 14.2/payloads/AdobePhotoshop14-ru_RU-111213050726	E:\Programs\Adobe Photoshop CC 14.2 Final Multilanguage [ChingLiu]\Update to 14.2\payloads\AdobePhotoshop14-ru_RU-111213050726	0	0	0	0	0	6
/mnt/storage/Programs/Adobe Photoshop CC 14.2 Final Multilanguage [ChingLiu]/Update to 14.2/payloads/AdobePhotoshop14-ru_RU_x64-111213050849	E:\Programs\Adobe Photoshop CC 14.2 Final Multilanguage [ChingLiu]\Update to 14.2\payloads\AdobePhotoshop14-ru_RU_x64-111213050849	0	0	0	0	0	6
/mnt/storage/Programs/Adobe Photoshop CC 14.2 Final Multilanguage [ChingLiu]/Update to 14.2/payloads/AdobePhotoshop14-Support-111213054118	E:\Programs\Adobe Photoshop CC 14.2 Final Multilanguage [ChingLiu]\Update to 14.2\payloads\AdobePhotoshop14-Support-111213054118	0	0	0	0	0	8
/mnt/storage/Programs/Adobe Photoshop CC 14.2 Final Multilanguage [ChingLiu]/Update to 14.2/payloads/AdobePhotoshop14-sv_SE-111213045051	E:\Programs\Adobe Photoshop CC 14.2 Final Multilanguage [ChingLiu]\Update to 14.2\payloads\AdobePhotoshop14-sv_SE-111213045051	0	0	0	0	0	6
/mnt/storage/Programs/Adobe Photoshop CC 14.2 Final Multilanguage [ChingLiu]/Update to 14.2/payloads/AdobePhotoshop14-sv_SE_x64-111213045215	E:\Programs\Adobe Photoshop CC 14.2 Final Multilanguage [ChingLiu]\Update to 14.2\payloads\AdobePhotoshop14-sv_SE_x64-111213045215	0	0	0	0	0	6
/mnt/storage/Programs/Adobe Photoshop CC 14.2 Final Multilanguage [ChingLiu]/Update to 14.2/payloads/AdobePhotoshop14-tr_TR-111213050441	E:\Programs\Adobe Photoshop CC 14.2 Final Multilanguage [ChingLiu]\Update to 14.2\payloads\AdobePhotoshop14-tr_TR-111213050441	0	0	0	0	0	6
/mnt/storage/Programs/Adobe Photoshop CC 14.2 Final Multilanguage [ChingLiu]/Update to 14.2/payloads/AdobePhotoshop14-tr_TR_x64-111213050605	E:\Programs\Adobe Photoshop CC 14.2 Final Multilanguage [ChingLiu]\Update to 14.2\payloads\AdobePhotoshop14-tr_TR_x64-111213050605	0	0	0	0	0	6
/mnt/storage/Programs/Adobe Photoshop CC 14.2 Final Multilanguage [ChingLiu]/Update to 14.2/payloads/AdobePhotoshop14-uk_UA-111213051011	E:\Programs\Adobe Photoshop CC 14.2 Final Multilanguage [ChingLiu]\Update to 14.2\payloads\AdobePhotoshop14-uk_UA-111213051011	0	0	0	0	0	6
/mnt/storage/Programs/Adobe Photoshop CC 14.2 Final Multilanguage [ChingLiu]/Update to 14.2/payloads/AdobePhotoshop14-uk_UA_x64-111213051133	E:\Programs\Adobe Photoshop CC 14.2 Final Multilanguage [ChingLiu]\Update to 14.2\payloads\AdobePhotoshop14-uk_UA_x64-111213051133	0	0	0	0	0	6
/mnt/storage/Programs/Adobe Photoshop CC 14.2 Final Multilanguage [ChingLiu]/Update to 14.2/payloads/AdobePhotoshop14-zh_CN-111213042303	E:\Programs\Adobe Photoshop CC 14.2 Final Multilanguage [ChingLiu]\Update to 14.2\payloads\AdobePhotoshop14-zh_CN-111213042303	0	0	0	0	0	6
/mnt/storage/Programs/Adobe Photoshop CC 14.2 Final Multilanguage [ChingLiu]/Update to 14.2/payloads/AdobePhotoshop14-zh_CN_x64-111213042424	E:\Programs\Adobe Photoshop CC 14.2 Final Multilanguage [ChingLiu]\Update to 14.2\payloads\AdobePhotoshop14-zh_CN_x64-111213042424	0	0	0	0	0	6
/mnt/storage/Programs/Adobe Photoshop CC 14.2 Final Multilanguage [ChingLiu]/Update to 14.2/payloads/AdobePhotoshop14-zh_TW-111213042019	E:\Programs\Adobe Photoshop CC 14.2 Final Multilanguage [ChingLiu]\Update to 14.2\payloads\AdobePhotoshop14-zh_TW-111213042019	0	0	0	0	0	6
/mnt/storage/Programs/Adobe Photoshop CC 14.2 Final Multilanguage [ChingLiu]/Update to 14.2/payloads/AdobePhotoshop14-zh_TW_x64-111213042141	E:\Programs\Adobe Photoshop CC 14.2 Final Multilanguage [ChingLiu]\Update to 14.2\payloads\AdobePhotoshop14-zh_TW_x64-111213042141	0	0	0	0	0	6
/mnt/storage/Programs/Adobe Photoshop CC 14.2 Final Multilanguage [ChingLiu]/Update to 14.2/Update Management Tool/AdobeDigitalPublishingCC-2.0	E:\Programs\Adobe Photoshop CC 14.2 Final Multilanguage [ChingLiu]\Update to 14.2\Update Management Tool\AdobeDigitalPublishingCC-2.0	0	0	0	0	0	25
/mnt/storage/Programs/Adobe Photoshop CC 14.2 Final Multilanguage [ChingLiu]/Update to 14.2/Update Management Tool/AdobeDynamicLinkMediaServer-7.0.1	E:\Programs\Adobe Photoshop CC 14.2 Final Multilanguage [ChingLiu]\Update to 14.2\Update Management Tool\AdobeDynamicLinkMediaServer-7.0.1	0	0	0	0	0	12
/mnt/storage/Programs/Adobe Photoshop CC 14.2 Final Multilanguage [ChingLiu]/Update to 14.2/Update Management Tool/AdobePremierePro-7.0.1	E:\Programs\Adobe Photoshop CC 14.2 Final Multilanguage [ChingLiu]\Update to 14.2\Update Management Tool\AdobePremierePro-7.0.1	0	0	0	0	0	60
/mnt/storage/Programs/Adobe Photoshop CC 14.2 Final Multilanguage [ChingLiu]/Update to 14.2/Update Management Tool/Update pictures	E:\Programs\Adobe Photoshop CC 14.2 Final Multilanguage [ChingLiu]\Update to 14.2\Update Management Tool\Update pictures	0	0	0	0	0	9
/mnt/storage/Programs/Adobe Premiere Pro CC 2017 v11.0.2 (x64) Incl Crack + Portable [SadeemPC]/Adobe Premiere Pro CC 2017 v11.0.2 (x64) + Crack [SadeemPC]/Crack/Adobe CC 2015 Universal Patcher 2.0	E:\Programs\Adobe Premiere Pro CC 2017 v11.0.2 (x64) Incl Crack + Portable [SadeemPC]\Adobe Premiere Pro CC 2017 v11.0.2 (x64) + Crack [SadeemPC]\Crack\Adobe CC 2015 Universal Patcher 2.0	0	0	0	0	0	5
/mnt/storage/Programs/Adobe Premiere Pro CC 2017 v11.0.2 (x64) Incl Crack + Portable [SadeemPC]/Adobe Premiere Pro CC 2017 v11.0.2 (x64) + Crack [SadeemPC]/Crack/Adobe CC 2015.5 XFORCE Activation	E:\Programs\Adobe Premiere Pro CC 2017 v11.0.2 (x64) Incl Crack + Portable [SadeemPC]\Adobe Premiere Pro CC 2017 v11.0.2 (x64) + Crack [SadeemPC]\Crack\Adobe CC 2015.5 XFORCE Activation	0	0	0	0	0	3
/mnt/storage/Programs/Adobe Premiere Pro CC 2017 v11.0.2 (x64) Incl Crack + Portable [SadeemPC]/Adobe Premiere Pro CC 2017 v11.0.2 (x64) + Crack [SadeemPC]/Crack/AMT Emulator v0.9.2 by PainteR	E:\Programs\Adobe Premiere Pro CC 2017 v11.0.2 (x64) Incl Crack + Portable [SadeemPC]\Adobe Premiere Pro CC 2017 v11.0.2 (x64) + Crack [SadeemPC]\Crack\AMT Emulator v0.9.2 by PainteR	0	0	0	0	0	8
/mnt/storage/Programs/Adobe Premiere Pro CC 2017 v11.0.2 (x64) Incl Crack + Portable [SadeemPC]/Adobe Premiere Pro CC 2017 v11.0.2 (x64) + Crack [SadeemPC]/Premiere Pro/Build	E:\Programs\Adobe Premiere Pro CC 2017 v11.0.2 (x64) Incl Crack + Portable [SadeemPC]\Adobe Premiere Pro CC 2017 v11.0.2 (x64) + Crack [SadeemPC]\Premiere Pro\Build	0	0	0	0	5	285
/mnt/storage/Programs/Adobe Premiere Pro CC 2017 v11.0.2 (x64) Incl Crack + Portable [SadeemPC]/Adobe Premiere Pro CC 2017 v11.0.2 (x64) + Crack [SadeemPC]/Premiere Pro/Exceptions	E:\Programs\Adobe Premiere Pro CC 2017 v11.0.2 (x64) Incl Crack + Portable [SadeemPC]\Adobe Premiere Pro CC 2017 v11.0.2 (x64) + Crack [SadeemPC]\Premiere Pro\Exceptions	0	0	0	0	0	0
/mnt/storage/Programs/Ample Sound AGM v1.8.0 Incl.Keygen WiNMAC-R2R/PC/EXTRACTED/R2R	E:\Programs\Ample Sound AGM v1.8.0 Incl.Keygen WiNMAC-R2R\PC\EXTRACTED\R2R	0	0	0	0	0	2
/mnt/storage/Programs/ARS.Pro.3.5.0.Retail.and.Portable/ARS.Pro.3.5.0.Retail.and.Portable/ArtRageStudioPro3.5.0/Portable	E:\Programs\ARS.Pro.3.5.0.Retail.and.Portable\ARS.Pro.3.5.0.Retail.and.Portable\ArtRageStudioPro3.5.0\Portable	0	0	0	0	0	1
/mnt/storage/Programs/Best Service - Engine v2.1.0.224/data/Microsoft Windows Installer 3.0/mWinRun.dll	E:\Programs\Best Service - Engine v2.1.0.224\data\Microsoft Windows Installer 3.0\mWinRun.dll	0	0	0	0	13	18
/mnt/storage/Programs/Best Service - Engine v2.1.0.224/data/OFFLINE/2CC269D	E:\Programs\Best Service - Engine v2.1.0.224\data\OFFLINE\2CC269D	0	0	0	0	0	2
/mnt/storage/Programs/Best Service - Engine v2.1.0.224/data/OFFLINE/5FE8F90E	E:\Programs\Best Service - Engine v2.1.0.224\data\OFFLINE\5FE8F90E	0	0	0	0	0	1
/mnt/storage/Programs/Best Service - Engine v2.1.0.224/data/OFFLINE/97832DFD	E:\Programs\Best Service - Engine v2.1.0.224\data\OFFLINE\97832DFD	0	0	0	0	0	695
/mnt/storage/Programs/Best Service - Engine v2.1.0.224/data/OFFLINE/B462F5B1	E:\Programs\Best Service - Engine v2.1.0.224\data\OFFLINE\B462F5B1	0	0	0	0	1	1
/mnt/storage/Programs/Best Service - Engine v2.1.0.224/data/OFFLINE/DD40347C	E:\Programs\Best Service - Engine v2.1.0.224\data\OFFLINE\DD40347C	0	0	0	0	1	1
/mnt/storage/Programs/Best Service - Engine v2.1.0.224/data/OFFLINE/E4A6E73C	E:\Programs\Best Service - Engine v2.1.0.224\data\OFFLINE\E4A6E73C	0	0	0	0	0	1
/mnt/storage/Programs/Best Service - Engine v2.1.0.224/data/OFFLINE/mMSI.dll	E:\Programs\Best Service - Engine v2.1.0.224\data\OFFLINE\mMSI.dll	0	0	0	0	1	1
/mnt/storage/Programs/Best Service - Engine v2.1.0.224/data/OFFLINE/mWinRun.dll	E:\Programs\Best Service - Engine v2.1.0.224\data\OFFLINE\mWinRun.dll	0	0	0	0	1	1
/mnt/storage/Programs/BRUSH & OTHER CC ELEMENTS/GoMedia Arsenal- Complete Brush Collection (Sets 1-18)/GoMedia Arsenal Brush Set 01/Previews	E:\Programs\BRUSH & OTHER CC ELEMENTS\GoMedia Arsenal- Complete Brush Collection (Sets 1-18)\GoMedia Arsenal Brush Set 01\Previews	0	0	0	0	0	8
/mnt/storage/Programs/BRUSH & OTHER CC ELEMENTS/GoMedia Arsenal- Complete Brush Collection (Sets 1-18)/GoMedia Arsenal Brush Set 02/Previews	E:\Programs\BRUSH & OTHER CC ELEMENTS\GoMedia Arsenal- Complete Brush Collection (Sets 1-18)\GoMedia Arsenal Brush Set 02\Previews	0	0	0	0	0	8
/mnt/storage/Programs/BRUSH & OTHER CC ELEMENTS/GoMedia Arsenal- Complete Brush Collection (Sets 1-18)/GoMedia Arsenal Brush Set 03/Previews	E:\Programs\BRUSH & OTHER CC ELEMENTS\GoMedia Arsenal- Complete Brush Collection (Sets 1-18)\GoMedia Arsenal Brush Set 03\Previews	0	0	0	0	0	8
/mnt/storage/Programs/BRUSH & OTHER CC ELEMENTS/GoMedia Arsenal- Complete Brush Collection (Sets 1-18)/GoMedia Arsenal Brush Set 04/Previews	E:\Programs\BRUSH & OTHER CC ELEMENTS\GoMedia Arsenal- Complete Brush Collection (Sets 1-18)\GoMedia Arsenal Brush Set 04\Previews	0	0	0	0	0	8
/mnt/storage/Programs/BRUSH & OTHER CC ELEMENTS/GoMedia Arsenal- Complete Brush Collection (Sets 1-18)/GoMedia Arsenal Brush Set 05/Previews	E:\Programs\BRUSH & OTHER CC ELEMENTS\GoMedia Arsenal- Complete Brush Collection (Sets 1-18)\GoMedia Arsenal Brush Set 05\Previews	0	0	0	0	0	8
/mnt/storage/Programs/BRUSH & OTHER CC ELEMENTS/GoMedia Arsenal- Complete Brush Collection (Sets 1-18)/GoMedia Arsenal Brush Set 06/Previews	E:\Programs\BRUSH & OTHER CC ELEMENTS\GoMedia Arsenal- Complete Brush Collection (Sets 1-18)\GoMedia Arsenal Brush Set 06\Previews	0	0	0	0	0	8
/mnt/storage/Programs/BRUSH & OTHER CC ELEMENTS/GoMedia Arsenal- Complete Brush Collection (Sets 1-18)/GoMedia Arsenal Brush Set 07/Previews	E:\Programs\BRUSH & OTHER CC ELEMENTS\GoMedia Arsenal- Complete Brush Collection (Sets 1-18)\GoMedia Arsenal Brush Set 07\Previews	0	0	0	0	0	8
/mnt/storage/Programs/BRUSH & OTHER CC ELEMENTS/GoMedia Arsenal- Complete Brush Collection (Sets 1-18)/GoMedia Arsenal Brush Set 08/Preview	E:\Programs\BRUSH & OTHER CC ELEMENTS\GoMedia Arsenal- Complete Brush Collection (Sets 1-18)\GoMedia Arsenal Brush Set 08\Preview	0	0	0	0	0	8
/mnt/storage/Programs/BRUSH & OTHER CC ELEMENTS/GoMedia Arsenal- Complete Brush Collection (Sets 1-18)/GoMedia Arsenal Brush Set 09/Previews	E:\Programs\BRUSH & OTHER CC ELEMENTS\GoMedia Arsenal- Complete Brush Collection (Sets 1-18)\GoMedia Arsenal Brush Set 09\Previews	0	0	0	0	0	8
/mnt/storage/Programs/BRUSH & OTHER CC ELEMENTS/GoMedia Arsenal- Complete Brush Collection (Sets 1-18)/GoMedia Arsenal Brush Set 10/Previews	E:\Programs\BRUSH & OTHER CC ELEMENTS\GoMedia Arsenal- Complete Brush Collection (Sets 1-18)\GoMedia Arsenal Brush Set 10\Previews	0	0	0	0	0	8
/mnt/storage/Programs/BRUSH & OTHER CC ELEMENTS/GoMedia Arsenal- Complete Brush Collection (Sets 1-18)/GoMedia Arsenal Brush Set 11/Previews	E:\Programs\BRUSH & OTHER CC ELEMENTS\GoMedia Arsenal- Complete Brush Collection (Sets 1-18)\GoMedia Arsenal Brush Set 11\Previews	0	0	0	0	0	8
/mnt/storage/Programs/BRUSH & OTHER CC ELEMENTS/GoMedia Arsenal- Complete Brush Collection (Sets 1-18)/GoMedia Arsenal Brush Set 12/Previews	E:\Programs\BRUSH & OTHER CC ELEMENTS\GoMedia Arsenal- Complete Brush Collection (Sets 1-18)\GoMedia Arsenal Brush Set 12\Previews	0	0	0	0	0	7
/mnt/storage/Programs/BRUSH & OTHER CC ELEMENTS/GoMedia Arsenal- Complete Brush Collection (Sets 1-18)/GoMedia Arsenal Brush Set 13/Previews	E:\Programs\BRUSH & OTHER CC ELEMENTS\GoMedia Arsenal- Complete Brush Collection (Sets 1-18)\GoMedia Arsenal Brush Set 13\Previews	0	0	0	0	0	8
/mnt/storage/Programs/BRUSH & OTHER CC ELEMENTS/GoMedia Arsenal- Complete Brush Collection (Sets 1-18)/GoMedia Arsenal Brush Set 14/Previews	E:\Programs\BRUSH & OTHER CC ELEMENTS\GoMedia Arsenal- Complete Brush Collection (Sets 1-18)\GoMedia Arsenal Brush Set 14\Previews	0	0	0	0	0	7
/mnt/storage/Programs/BRUSH & OTHER CC ELEMENTS/GoMedia Arsenal- Complete Brush Collection (Sets 1-18)/GoMedia Arsenal Brush Set 15/Previews	E:\Programs\BRUSH & OTHER CC ELEMENTS\GoMedia Arsenal- Complete Brush Collection (Sets 1-18)\GoMedia Arsenal Brush Set 15\Previews	0	0	0	0	0	8
/mnt/storage/Programs/BRUSH & OTHER CC ELEMENTS/GoMedia Arsenal- Complete Brush Collection (Sets 1-18)/GoMedia Arsenal Brush Set 16/Previews	E:\Programs\BRUSH & OTHER CC ELEMENTS\GoMedia Arsenal- Complete Brush Collection (Sets 1-18)\GoMedia Arsenal Brush Set 16\Previews	0	0	0	0	0	7
/mnt/storage/Programs/BRUSH & OTHER CC ELEMENTS/GoMedia Arsenal- Complete Brush Collection (Sets 1-18)/GoMedia Arsenal Brush Set 17/Previews	E:\Programs\BRUSH & OTHER CC ELEMENTS\GoMedia Arsenal- Complete Brush Collection (Sets 1-18)\GoMedia Arsenal Brush Set 17\Previews	0	0	0	0	0	8
/mnt/storage/Programs/BRUSH & OTHER CC ELEMENTS/GoMedia Arsenal- Complete Brush Collection (Sets 1-18)/GoMedia Arsenal Brush Set 18/Previews	E:\Programs\BRUSH & OTHER CC ELEMENTS\GoMedia Arsenal- Complete Brush Collection (Sets 1-18)\GoMedia Arsenal Brush Set 18\Previews	0	0	0	0	0	8
/mnt/storage/Programs/BRUSH & OTHER CC ELEMENTS/The Bundle Photoshop Brush Pack/the.bundle.Photoshop.brush.pack/Concrete Brushes & Patterns	E:\Programs\BRUSH & OTHER CC ELEMENTS\The Bundle Photoshop Brush Pack\the.bundle.Photoshop.brush.pack\Concrete Brushes & Patterns	0	0	0	0	0	62
/mnt/storage/Programs/BRUSH & OTHER CC ELEMENTS/The Bundle Photoshop Brush Pack/the.bundle.Photoshop.brush.pack/Cracks	E:\Programs\BRUSH & OTHER CC ELEMENTS\The Bundle Photoshop Brush Pack\the.bundle.Photoshop.brush.pack\Cracks	0	0	0	0	0	5
/mnt/storage/Programs/BRUSH & OTHER CC ELEMENTS/The Bundle Photoshop Brush Pack/the.bundle.Photoshop.brush.pack/Cracks II	E:\Programs\BRUSH & OTHER CC ELEMENTS\The Bundle Photoshop Brush Pack\the.bundle.Photoshop.brush.pack\Cracks II	0	0	0	0	0	7
/mnt/storage/Programs/BRUSH & OTHER CC ELEMENTS/The Bundle Photoshop Brush Pack/the.bundle.Photoshop.brush.pack/Darkside Backgrounds (1 & 2 in .psd)	E:\Programs\BRUSH & OTHER CC ELEMENTS\The Bundle Photoshop Brush Pack\the.bundle.Photoshop.brush.pack\Darkside Backgrounds (1 & 2 in .psd)	0	0	0	0	0	7
/mnt/storage/Programs/BRUSH & OTHER CC ELEMENTS/The Bundle Photoshop Brush Pack/the.bundle.Photoshop.brush.pack/Fog	E:\Programs\BRUSH & OTHER CC ELEMENTS\The Bundle Photoshop Brush Pack\the.bundle.Photoshop.brush.pack\Fog	0	0	0	0	0	6
/mnt/storage/Programs/BRUSH & OTHER CC ELEMENTS/The Bundle Photoshop Brush Pack/the.bundle.Photoshop.brush.pack/Grunge	E:\Programs\BRUSH & OTHER CC ELEMENTS\The Bundle Photoshop Brush Pack\the.bundle.Photoshop.brush.pack\Grunge	0	0	0	0	0	4
/mnt/storage/Programs/BRUSH & OTHER CC ELEMENTS/The Bundle Photoshop Brush Pack/the.bundle.Photoshop.brush.pack/Grunge Edges	E:\Programs\BRUSH & OTHER CC ELEMENTS\The Bundle Photoshop Brush Pack\the.bundle.Photoshop.brush.pack\Grunge Edges	0	0	0	0	0	6
/mnt/storage/Programs/BRUSH & OTHER CC ELEMENTS/The Bundle Photoshop Brush Pack/the.bundle.Photoshop.brush.pack/Hi-Tech Cityscape	E:\Programs\BRUSH & OTHER CC ELEMENTS\The Bundle Photoshop Brush Pack\the.bundle.Photoshop.brush.pack\Hi-Tech Cityscape	0	0	0	0	0	6
/mnt/storage/Programs/BRUSH & OTHER CC ELEMENTS/The Bundle Photoshop Brush Pack/the.bundle.Photoshop.brush.pack/Nuts, Bolts & Holes	E:\Programs\BRUSH & OTHER CC ELEMENTS\The Bundle Photoshop Brush Pack\the.bundle.Photoshop.brush.pack\Nuts, Bolts & Holes	0	0	0	0	0	6
/mnt/storage/Programs/BRUSH & OTHER CC ELEMENTS/The Bundle Photoshop Brush Pack/the.bundle.Photoshop.brush.pack/Rusty Metal (Brushes and Layer Styles)	E:\Programs\BRUSH & OTHER CC ELEMENTS\The Bundle Photoshop Brush Pack\the.bundle.Photoshop.brush.pack\Rusty Metal (Brushes and Layer Styles)	0	0	0	0	0	7
/mnt/storage/Programs/BRUSH & OTHER CC ELEMENTS/The Bundle Photoshop Brush Pack/the.bundle.Photoshop.brush.pack/Sci-Fi Brushes	E:\Programs\BRUSH & OTHER CC ELEMENTS\The Bundle Photoshop Brush Pack\the.bundle.Photoshop.brush.pack\Sci-Fi Brushes	0	0	0	0	0	6
/mnt/storage/Programs/BRUSH & OTHER CC ELEMENTS/The Bundle Photoshop Brush Pack/the.bundle.Photoshop.brush.pack/Scratches	E:\Programs\BRUSH & OTHER CC ELEMENTS\The Bundle Photoshop Brush Pack\the.bundle.Photoshop.brush.pack\Scratches	0	0	0	0	0	7
/mnt/storage/Programs/BRUSH & OTHER CC ELEMENTS/The Bundle Photoshop Brush Pack/the.bundle.Photoshop.brush.pack/Skulls	E:\Programs\BRUSH & OTHER CC ELEMENTS\The Bundle Photoshop Brush Pack\the.bundle.Photoshop.brush.pack\Skulls	0	0	0	0	0	5
/mnt/storage/Programs/BRUSH & OTHER CC ELEMENTS/The Bundle Photoshop Brush Pack/the.bundle.Photoshop.brush.pack/Skulls II	E:\Programs\BRUSH & OTHER CC ELEMENTS\The Bundle Photoshop Brush Pack\the.bundle.Photoshop.brush.pack\Skulls II	0	0	0	0	0	6
/mnt/storage/Programs/BRUSH & OTHER CC ELEMENTS/The Bundle Photoshop Brush Pack/the.bundle.Photoshop.brush.pack/Smoke	E:\Programs\BRUSH & OTHER CC ELEMENTS\The Bundle Photoshop Brush Pack\the.bundle.Photoshop.brush.pack\Smoke	0	0	0	0	0	5
/mnt/storage/Programs/BRUSH & OTHER CC ELEMENTS/The Bundle Photoshop Brush Pack/the.bundle.Photoshop.brush.pack/Smoke 2	E:\Programs\BRUSH & OTHER CC ELEMENTS\The Bundle Photoshop Brush Pack\the.bundle.Photoshop.brush.pack\Smoke 2	0	0	0	0	0	5
/mnt/storage/Programs/BRUSH & OTHER CC ELEMENTS/The Bundle Photoshop Brush Pack/the.bundle.Photoshop.brush.pack/Splash 2	E:\Programs\BRUSH & OTHER CC ELEMENTS\The Bundle Photoshop Brush Pack\the.bundle.Photoshop.brush.pack\Splash 2	0	0	0	0	0	4
/mnt/storage/Programs/BRUSH & OTHER CC ELEMENTS/The Bundle Photoshop Brush Pack/the.bundle.Photoshop.brush.pack/Splashes	E:\Programs\BRUSH & OTHER CC ELEMENTS\The Bundle Photoshop Brush Pack\the.bundle.Photoshop.brush.pack\Splashes	0	0	0	0	0	6
/mnt/storage/Programs/BRUSH & OTHER CC ELEMENTS/The Bundle Photoshop Brush Pack/the.bundle.Photoshop.brush.pack/Stains, Splatters Drips & Washes	E:\Programs\BRUSH & OTHER CC ELEMENTS\The Bundle Photoshop Brush Pack\the.bundle.Photoshop.brush.pack\Stains, Splatters Drips & Washes	0	0	0	0	0	5
/mnt/storage/Programs/BRUSH & OTHER CC ELEMENTS/The Bundle Photoshop Brush Pack/the.bundle.Photoshop.brush.pack/Water	E:\Programs\BRUSH & OTHER CC ELEMENTS\The Bundle Photoshop Brush Pack\the.bundle.Photoshop.brush.pack\Water	0	0	0	0	0	6
/mnt/storage/Programs/BRUSH & OTHER CC ELEMENTS/The Bundle Photoshop Brush Pack/the.bundle.Photoshop.brush.pack/Wings of Water	E:\Programs\BRUSH & OTHER CC ELEMENTS\The Bundle Photoshop Brush Pack\the.bundle.Photoshop.brush.pack\Wings of Water	0	0	0	0	0	5
/mnt/storage/Programs/BRUSH & OTHER CC ELEMENTS/Ultimate Photoshop Brushes Collection - (Malestrom)/12 HQ Rust Brushes for Photoshop/rust	E:\Programs\BRUSH & OTHER CC ELEMENTS\Ultimate Photoshop Brushes Collection - (Malestrom)\12 HQ Rust Brushes for Photoshop\rust	0	0	0	0	0	2
/mnt/storage/Programs/BRUSH & OTHER CC ELEMENTS/Ultimate Photoshop Brushes Collection - (Malestrom)/16 Texture Brushes/Texture Brushes-Imagepack	E:\Programs\BRUSH & OTHER CC ELEMENTS\Ultimate Photoshop Brushes Collection - (Malestrom)\16 Texture Brushes\Texture Brushes-Imagepack	0	0	0	0	0	16
/mnt/storage/Programs/BRUSH & OTHER CC ELEMENTS/Ultimate Photoshop Brushes Collection - (Malestrom)/81 brushes for Photoshop/81_Sets_of_Brushes	E:\Programs\BRUSH & OTHER CC ELEMENTS\Ultimate Photoshop Brushes Collection - (Malestrom)\81 brushes for Photoshop\81_Sets_of_Brushes	0	0	0	0	0	242
/mnt/storage/Programs/BRUSH & OTHER CC ELEMENTS/Ultimate Photoshop Brushes Collection - (Malestrom)/9 HQ Snow Brushes for Photoshop/9HQ_Snow_Brushes_by_boytusok	E:\Programs\BRUSH & OTHER CC ELEMENTS\Ultimate Photoshop Brushes Collection - (Malestrom)\9 HQ Snow Brushes for Photoshop\9HQ_Snow_Brushes_by_boytusok	0	0	0	0	0	13
/mnt/storage/Programs/BRUSH & OTHER CC ELEMENTS/Ultimate Photoshop Brushes Collection - (Malestrom)/Abstract grunge brushes/abstractvsgrunge2_byalias	E:\Programs\BRUSH & OTHER CC ELEMENTS\Ultimate Photoshop Brushes Collection - (Malestrom)\Abstract grunge brushes\abstractvsgrunge2_byalias	0	0	0	0	0	1
/mnt/storage/Programs/BRUSH & OTHER CC ELEMENTS/Ultimate Photoshop Brushes Collection - (Malestrom)/Adobe Tree & Cloud Brush Set/cloud and tree brush set	E:\Programs\BRUSH & OTHER CC ELEMENTS\Ultimate Photoshop Brushes Collection - (Malestrom)\Adobe Tree & Cloud Brush Set\cloud and tree brush set	0	0	0	0	0	2
/mnt/storage/Programs/BRUSH & OTHER CC ELEMENTS/Ultimate Photoshop Brushes Collection - (Malestrom)/Blood Brush Set/Shad0ws_Blood_Brushes	E:\Programs\BRUSH & OTHER CC ELEMENTS\Ultimate Photoshop Brushes Collection - (Malestrom)\Blood Brush Set\Shad0ws_Blood_Brushes	0	0	0	0	0	1
/mnt/storage/Programs/BRUSH & OTHER CC ELEMENTS/Ultimate Photoshop Brushes Collection - (Malestrom)/Brush set 10 Metal/brushes10	E:\Programs\BRUSH & OTHER CC ELEMENTS\Ultimate Photoshop Brushes Collection - (Malestrom)\Brush set 10 Metal\brushes10	0	0	0	0	0	1
/mnt/storage/Programs/BRUSH & OTHER CC ELEMENTS/Ultimate Photoshop Brushes Collection - (Malestrom)/Chaotic Abstract Photoshop Brushes/chaotic	E:\Programs\BRUSH & OTHER CC ELEMENTS\Ultimate Photoshop Brushes Collection - (Malestrom)\Chaotic Abstract Photoshop Brushes\chaotic	0	0	0	0	0	11
/mnt/storage/Programs/BRUSH & OTHER CC ELEMENTS/Ultimate Photoshop Brushes Collection - (Malestrom)/Cloud Brushes/clouds_michmellow	E:\Programs\BRUSH & OTHER CC ELEMENTS\Ultimate Photoshop Brushes Collection - (Malestrom)\Cloud Brushes\clouds_michmellow	0	0	0	0	0	12
/mnt/storage/Programs/BRUSH & OTHER CC ELEMENTS/Ultimate Photoshop Brushes Collection - (Malestrom)/Cloud Brushes for Photoshop/cloud_brushes	E:\Programs\BRUSH & OTHER CC ELEMENTS\Ultimate Photoshop Brushes Collection - (Malestrom)\Cloud Brushes for Photoshop\cloud_brushes	0	0	0	0	0	1
/mnt/storage/Programs/BRUSH & OTHER CC ELEMENTS/Ultimate Photoshop Brushes Collection - (Malestrom)/Clouds  Grass  Branches&Foliage  Tranquility - Photoshop Brushes/Clouds  Grass  Branches&Foliage  Tranquility - PS Brushes	E:\Programs\BRUSH & OTHER CC ELEMENTS\Ultimate Photoshop Brushes Collection - (Malestrom)\Clouds  Grass  Branches&Foliage  Tranquility - Photoshop Brushes\Clouds  Grass  Branches&Foliage  Tranquility - PS Brushes	0	0	0	0	0	4
/mnt/storage/Programs/BRUSH & OTHER CC ELEMENTS/Ultimate Photoshop Brushes Collection - (Malestrom)/Coffee Stain photoshop brushes pack/Brushes_pack_(50)	E:\Programs\BRUSH & OTHER CC ELEMENTS\Ultimate Photoshop Brushes Collection - (Malestrom)\Coffee Stain photoshop brushes pack\Brushes_pack_(50)	0	0	0	0	0	6
/mnt/storage/Programs/BRUSH & OTHER CC ELEMENTS/Ultimate Photoshop Brushes Collection - (Malestrom)/Dream Brush Set/brush	E:\Programs\BRUSH & OTHER CC ELEMENTS\Ultimate Photoshop Brushes Collection - (Malestrom)\Dream Brush Set\brush	0	0	0	0	0	4
/mnt/storage/Programs/BRUSH & OTHER CC ELEMENTS/Ultimate Photoshop Brushes Collection - (Malestrom)/Evergreens Brushes/evergreen_imagepack_michmellow	E:\Programs\BRUSH & OTHER CC ELEMENTS\Ultimate Photoshop Brushes Collection - (Malestrom)\Evergreens Brushes\evergreen_imagepack_michmellow	0	0	0	0	0	10
/mnt/storage/Programs/BRUSH & OTHER CC ELEMENTS/Ultimate Photoshop Brushes Collection - (Malestrom)/Fireworks Brushes For Photoshop/Brushes.For.PhotoShop	E:\Programs\BRUSH & OTHER CC ELEMENTS\Ultimate Photoshop Brushes Collection - (Malestrom)\Fireworks Brushes For Photoshop\Brushes.For.PhotoShop	0	0	0	0	0	3
/mnt/storage/Programs/BRUSH & OTHER CC ELEMENTS/Ultimate Photoshop Brushes Collection - (Malestrom)/Floral Abstract Brush Set for Photoshop/floral_abstract_brush_es	E:\Programs\BRUSH & OTHER CC ELEMENTS\Ultimate Photoshop Brushes Collection - (Malestrom)\Floral Abstract Brush Set for Photoshop\floral_abstract_brush_es	0	0	0	0	0	25
/mnt/storage/Programs/BRUSH & OTHER CC ELEMENTS/Ultimate Photoshop Brushes Collection - (Malestrom)/Floral abstract brushes/Floral	E:\Programs\BRUSH & OTHER CC ELEMENTS\Ultimate Photoshop Brushes Collection - (Malestrom)\Floral abstract brushes\Floral	0	0	0	0	0	25
/mnt/storage/Programs/BRUSH & OTHER CC ELEMENTS/Ultimate Photoshop Brushes Collection - (Malestrom)/Floral Brushes/oriental_floral	E:\Programs\BRUSH & OTHER CC ELEMENTS\Ultimate Photoshop Brushes Collection - (Malestrom)\Floral Brushes\oriental_floral	0	0	0	0	0	6
/mnt/storage/Programs/BRUSH & OTHER CC ELEMENTS/Ultimate Photoshop Brushes Collection - (Malestrom)/Fractal brushes for Photoshop/__MACOSX	E:\Programs\BRUSH & OTHER CC ELEMENTS\Ultimate Photoshop Brushes Collection - (Malestrom)\Fractal brushes for Photoshop\__MACOSX	0	0	0	0	0	1
/mnt/storage/Programs/BRUSH & OTHER CC ELEMENTS/Ultimate Photoshop Brushes Collection - (Malestrom)/Grungy brushes/azurylipfesStock_grunge	E:\Programs\BRUSH & OTHER CC ELEMENTS\Ultimate Photoshop Brushes Collection - (Malestrom)\Grungy brushes\azurylipfesStock_grunge	0	0	0	0	0	36
/mnt/storage/Programs/BRUSH & OTHER CC ELEMENTS/Ultimate Photoshop Brushes Collection - (Malestrom)/Lighting Brushset 2/Warez-bb.org	E:\Programs\BRUSH & OTHER CC ELEMENTS\Ultimate Photoshop Brushes Collection - (Malestrom)\Lighting Brushset 2\Warez-bb.org	0	0	0	0	0	5
/mnt/storage/Programs/BRUSH & OTHER CC ELEMENTS/Ultimate Photoshop Brushes Collection - (Malestrom)/Metal-CX's Fractals III Photoshop Brushes/Metal-CX's_Fractals_III	E:\Programs\BRUSH & OTHER CC ELEMENTS\Ultimate Photoshop Brushes Collection - (Malestrom)\Metal-CX's Fractals III Photoshop Brushes\Metal-CX's_Fractals_III	0	0	0	0	0	1
/mnt/storage/Programs/BRUSH & OTHER CC ELEMENTS/Ultimate Photoshop Brushes Collection - (Malestrom)/Old paper brushes/sanami276_oldpaper	E:\Programs\BRUSH & OTHER CC ELEMENTS\Ultimate Photoshop Brushes Collection - (Malestrom)\Old paper brushes\sanami276_oldpaper	0	0	0	0	0	14
/mnt/storage/Programs/BRUSH & OTHER CC ELEMENTS/Ultimate Photoshop Brushes Collection - (Malestrom)/Photoshop Brushes/Dream BS	E:\Programs\BRUSH & OTHER CC ELEMENTS\Ultimate Photoshop Brushes Collection - (Malestrom)\Photoshop Brushes\Dream BS	0	0	0	0	0	4
/mnt/storage/Programs/BRUSH & OTHER CC ELEMENTS/Ultimate Photoshop Brushes Collection - (Malestrom)/PhotoShop Brushes Pack/PhotoShop.Brushes.Pack	E:\Programs\BRUSH & OTHER CC ELEMENTS\Ultimate Photoshop Brushes Collection - (Malestrom)\PhotoShop Brushes Pack\PhotoShop.Brushes.Pack	0	0	0	0	0	66
/mnt/storage/Programs/BRUSH & OTHER CC ELEMENTS/Ultimate Photoshop Brushes Collection - (Malestrom)/Photoshop Gradient Brushes/Elliptica-Gradients	E:\Programs\BRUSH & OTHER CC ELEMENTS\Ultimate Photoshop Brushes Collection - (Malestrom)\Photoshop Gradient Brushes\Elliptica-Gradients	0	0	0	0	0	53
/mnt/storage/Programs/BRUSH & OTHER CC ELEMENTS/Ultimate Photoshop Brushes Collection - (Malestrom)/Sparkle Brushes Photoshop/SparkleBrushes	E:\Programs\BRUSH & OTHER CC ELEMENTS\Ultimate Photoshop Brushes Collection - (Malestrom)\Sparkle Brushes Photoshop\SparkleBrushes	0	0	0	0	0	2
/mnt/storage/Programs/BRUSH & OTHER CC ELEMENTS/Ultimate Photoshop Brushes Collection - (Malestrom)/TNBC Border Brushes/tnbc border brushes	E:\Programs\BRUSH & OTHER CC ELEMENTS\Ultimate Photoshop Brushes Collection - (Malestrom)\TNBC Border Brushes\tnbc border brushes	0	0	0	0	0	32
/mnt/storage/Programs/BRUSH & OTHER CC ELEMENTS/Ultimate Photoshop Brushes Collection - (Malestrom)/Wings Brushes/wingsbrushes_aqualilia	E:\Programs\BRUSH & OTHER CC ELEMENTS\Ultimate Photoshop Brushes Collection - (Malestrom)\Wings Brushes\wingsbrushes_aqualilia	0	0	0	0	0	5
/mnt/storage/Programs/Illustrator/App	E:\Programs\Illustrator\App	0	0	0	0	122	1804
/mnt/storage/Programs/Illustrator/Data/AppData/Adobe Illustrator	E:\Programs\Illustrator\Data\AppData\Adobe Illustrator	0	0	0	0	0	2
/mnt/storage/Programs/Illustrator/Data/AppData/Adobe Illustrator 18 Settings	E:\Programs\Illustrator\Data\AppData\Adobe Illustrator 18 Settings	0	0	0	0	0	43
/mnt/storage/Programs/Illustrator/Data/AppData/Adobe PDF	E:\Programs\Illustrator\Data\AppData\Adobe PDF	0	0	0	0	0	0
/mnt/storage/Programs/Illustrator/Data/AppData/Adobe Photoshop CC	E:\Programs\Illustrator\Data\AppData\Adobe Photoshop CC	0	0	0	0	0	18
/mnt/storage/Programs/Illustrator/Data/AppData/Adobe Photoshop CC 2014	E:\Programs\Illustrator\Data\AppData\Adobe Photoshop CC 2014	0	0	0	0	0	3
/mnt/storage/Programs/Illustrator/Data/AppData/Adobe Photoshop CS6	E:\Programs\Illustrator\Data\AppData\Adobe Photoshop CS6	0	0	0	0	0	20
/mnt/storage/Programs/Illustrator/Data/AppData/Adobe QT32 Server	E:\Programs\Illustrator\Data\AppData\Adobe QT32 Server	0	0	0	0	0	0
/mnt/storage/Programs/Illustrator/Data/AppData/AIR	E:\Programs\Illustrator\Data\AppData\AIR	0	0	0	0	0	0
/mnt/storage/Programs/Illustrator/Data/AppData/CameraRaw	E:\Programs\Illustrator\Data\AppData\CameraRaw	0	0	0	0	0	1
/mnt/storage/Programs/Illustrator/Data/AppData/CEPServiceManager4	E:\Programs\Illustrator\Data\AppData\CEPServiceManager4	0	0	0	0	0	3
/mnt/storage/Programs/Illustrator/Data/AppData/Color	E:\Programs\Illustrator\Data\AppData\Color	0	0	0	0	0	1
/mnt/storage/Programs/Illustrator/Data/AppData/Common	E:\Programs\Illustrator\Data\AppData\Common	0	0	0	0	0	1
/mnt/storage/Programs/Illustrator/Data/AppData/Creative Cloud Libraries	E:\Programs\Illustrator\Data\AppData\Creative Cloud Libraries	0	0	0	0	0	0
/mnt/storage/Programs/Illustrator/Data/AppData/DyanmicLinkMediaServer	E:\Programs\Illustrator\Data\AppData\DyanmicLinkMediaServer	0	0	0	0	0	0
/mnt/storage/Programs/Illustrator/Data/AppData/dynamiclinkmanager	E:\Programs\Illustrator\Data\AppData\dynamiclinkmanager	0	0	0	0	0	1
/mnt/storage/Programs/Illustrator/Data/AppData/dynamiclinkmediaserver	E:\Programs\Illustrator\Data\AppData\dynamiclinkmediaserver	0	0	0	0	0	2
/mnt/storage/Programs/Illustrator/Data/AppData/Flash Player	E:\Programs\Illustrator\Data\AppData\Flash Player	0	0	0	0	0	1
/mnt/storage/Programs/Illustrator/Data/AppData/Fonts	E:\Programs\Illustrator\Data\AppData\Fonts	0	0	0	0	0	0
/mnt/storage/Programs/Illustrator/Data/AppData/LogTransport2	E:\Programs\Illustrator\Data\AppData\LogTransport2	0	0	0	0	0	1
/mnt/storage/Programs/Illustrator/Data/AppData/Photoshop	E:\Programs\Illustrator\Data\AppData\Photoshop	0	0	0	0	0	2
/mnt/storage/Programs/Illustrator/Data/AppData/Plugins	E:\Programs\Illustrator\Data\AppData\Plugins	0	0	0	0	0	3
/mnt/storage/Programs/Illustrator/Data/AppData/Sonar	E:\Programs\Illustrator\Data\AppData\Sonar	0	0	0	0	0	2
/mnt/storage/Programs/Illustrator/Data/Linguistics/UserDictionaries	E:\Programs\Illustrator\Data\Linguistics\UserDictionaries	0	0	0	0	0	24
/mnt/storage/Programs/Illustrator/Data/LocalAppData/AAMUpdater	E:\Programs\Illustrator\Data\LocalAppData\AAMUpdater	0	0	0	0	0	24
/mnt/storage/Programs/Illustrator/Data/LocalAppData/CameraRaw	E:\Programs\Illustrator\Data\LocalAppData\CameraRaw	0	0	0	0	0	0
/mnt/storage/Programs/Illustrator/Data/LocalAppData/Color	E:\Programs\Illustrator\Data\LocalAppData\Color	0	0	0	0	0	3
/mnt/storage/Programs/Illustrator/Data/LocalAppData/contentstore	E:\Programs\Illustrator\Data\LocalAppData\contentstore	0	0	0	0	0	1
/mnt/storage/Programs/Illustrator/Data/LocalAppData/OOBE	E:\Programs\Illustrator\Data\LocalAppData\OOBE	0	0	0	0	0	2
/mnt/storage/Programs/Mntra Instruments - Bundle 1.8.0/Content/Frcture/Frcture Instrument	E:\Programs\Mntra Instruments - Bundle 1.8.0\Content\Frcture\Frcture Instrument	0	0	0	0	0	1
/mnt/storage/Programs/Mntra Instruments - Bundle 1.8.0/Content/Frcture/Frcture Samples	E:\Programs\Mntra Instruments - Bundle 1.8.0\Content\Frcture\Frcture Samples	0	0	0	0	0	8
/mnt/storage/Programs/Mntra Instruments - Bundle 1.8.0/Content/Orakle/Orakle Instrument	E:\Programs\Mntra Instruments - Bundle 1.8.0\Content\Orakle\Orakle Instrument	0	0	0	0	0	1
/mnt/storage/Programs/Mntra Instruments - Bundle 1.8.0/Content/Orakle/Orakle Samples	E:\Programs\Mntra Instruments - Bundle 1.8.0\Content\Orakle\Orakle Samples	0	0	0	0	0	31
/mnt/storage/Programs/Mntra Instruments - Bundle 1.8.0/Content/Orakle X/Orakle X Samples	E:\Programs\Mntra Instruments - Bundle 1.8.0\Content\Orakle X\Orakle X Samples	0	0	0	0	0	51
/mnt/storage/Programs/Mntra Instruments - Bundle 1.8.0/Content/Orakle X/Orakle X Sound Sculpture Instrument	E:\Programs\Mntra Instruments - Bundle 1.8.0\Content\Orakle X\Orakle X Sound Sculpture Instrument	0	0	0	0	0	1
/mnt/storage/Programs/Mntra Instruments - Bundle 1.8.0/Content/Pripyat/Pripyat Samples	E:\Programs\Mntra Instruments - Bundle 1.8.0\Content\Pripyat\Pripyat Samples	0	0	0	0	0	10
/mnt/storage/Programs/Mntra Instruments - Bundle 1.8.0/Content/Pripyat/Pripyat Sound Sculpture Instrument	E:\Programs\Mntra Instruments - Bundle 1.8.0\Content\Pripyat\Pripyat Sound Sculpture Instrument	0	0	0	0	0	1
/mnt/storage/Programs/Mntra Instruments - Bundle 1.8.0/Content/Rasa/Rasa Samples	E:\Programs\Mntra Instruments - Bundle 1.8.0\Content\Rasa\Rasa Samples	0	0	0	0	0	4
/mnt/storage/Programs/Mntra Instruments - Bundle 1.8.0/Content/Rasa/Rasa Sound Sculpture Instrument	E:\Programs\Mntra Instruments - Bundle 1.8.0\Content\Rasa\Rasa Sound Sculpture Instrument	0	0	0	0	0	1
/mnt/storage/Programs/Mntra Instruments - Bundle 1.8.0/Content/Ultrasonic Death Whistle/Ultrasonic Death Whistle Instrument	E:\Programs\Mntra Instruments - Bundle 1.8.0\Content\Ultrasonic Death Whistle\Ultrasonic Death Whistle Instrument	0	0	0	0	0	1
/mnt/storage/Programs/Mntra Instruments - Bundle 1.8.0/Content/Ultrasonic Death Whistle/Ultrasonic Death Whistle Samples	E:\Programs\Mntra Instruments - Bundle 1.8.0\Content\Ultrasonic Death Whistle\Ultrasonic Death Whistle Samples	0	0	0	0	0	13
/mnt/storage/Programs/Native Instruments Action Strings KONTAKT-MAGNETRiXX/iNF0/QuickNFO/Plugins	E:\Programs\Native Instruments Action Strings KONTAKT-MAGNETRiXX\iNF0\QuickNFO\Plugins	0	0	0	0	0	0
/mnt/storage/Programs/Native Instruments Kontakt 5 v5.5.0 UNLOCKED - Tracer [deepstatus]/EXTRACTED/RegPatch (SEE NFO)/kontakt.sno.regpatch.32Bit	E:\Programs\Native Instruments Kontakt 5 v5.5.0 UNLOCKED - Tracer [deepstatus]\EXTRACTED\RegPatch (SEE NFO)\kontakt.sno.regpatch.32Bit	0	0	0	0	0	1
/mnt/storage/Programs/Native Instruments Kontakt 5 v5.5.0 UNLOCKED - Tracer [deepstatus]/EXTRACTED/RegPatch (SEE NFO)/kontakt.sno.regpatch.64Bit	E:\Programs\Native Instruments Kontakt 5 v5.5.0 UNLOCKED - Tracer [deepstatus]\EXTRACTED\RegPatch (SEE NFO)\kontakt.sno.regpatch.64Bit	0	0	0	0	0	1
/mnt/storage/Programs/Native Instruments Maschine v2.3.1 UNLOCKED [deepstatus]/EXTRACTED/demontoad/amd64	E:\Programs\Native Instruments Maschine v2.3.1 UNLOCKED [deepstatus]\EXTRACTED\demontoad\amd64	0	0	0	0	1	2
/mnt/storage/Programs/Native Instruments Maschine v2.3.1 UNLOCKED [deepstatus]/EXTRACTED/demontoad/x86	E:\Programs\Native Instruments Maschine v2.3.1 UNLOCKED [deepstatus]\EXTRACTED\demontoad\x86	0	0	0	0	1	2
/mnt/storage/Programs/OFFICE x64 2019 VL SLO offline install/Setup/Office/Data	E:\Programs\OFFICE x64 2019 VL SLO offline install\Setup\Office\Data	0	0	0	0	0	8
/mnt/storage/Programs/Photoshop Portable 18.1/Data/Adobe Photoshop CC 2017/local	E:\Programs\Photoshop Portable 18.1\Data\Adobe Photoshop CC 2017\local	0	0	0	0	0	256
/mnt/storage/Programs/Photoshop Portable 18.1/Data/Adobe Photoshop CC 2017/roaming	E:\Programs\Photoshop Portable 18.1\Data\Adobe Photoshop CC 2017\roaming	0	0	0	0	14	992
/mnt/storage/Programs/Positive Grid BIAS Professional v1.1.0.3.7.4 [oddsox]/Positive.Grid.BIAS.Professional.v1.1.0.3.7.4.Incl.Patch.and.Keygen/Crack/Cracked	E:\Programs\Positive Grid BIAS Professional v1.1.0.3.7.4 [oddsox]\Positive.Grid.BIAS.Professional.v1.1.0.3.7.4.Incl.Patch.and.Keygen\Crack\Cracked	0	0	0	0	2	2
/mnt/storage/Programs/qemu/qemu/Bios/keymaps	E:\Programs\qemu\qemu\Bios\keymaps	0	0	0	0	0	35
/mnt/storage/Programs/Spectrasonics Omnisphere 2.1.0d Update ONLY + Library UPDATE/Spec.OMNI.210d.WIN.MAC/Omnisphere_Patch_Library_Update_2_1_0d/Mac	E:\Programs\Spectrasonics Omnisphere 2.1.0d Update ONLY + Library UPDATE\Spec.OMNI.210d.WIN.MAC\Omnisphere_Patch_Library_Update_2_1_0d\Mac	0	0	0	0	0	2
/mnt/storage/Programs/Spectrasonics Omnisphere 2.1.0d Update ONLY + Library UPDATE/Spec.OMNI.210d.WIN.MAC/Omnisphere_Patch_Library_Update_2_1_0d/STEAM	E:\Programs\Spectrasonics Omnisphere 2.1.0d Update ONLY + Library UPDATE\Spec.OMNI.210d.WIN.MAC\Omnisphere_Patch_Library_Update_2_1_0d\STEAM	0	0	0	0	0	20
/mnt/storage/Programs/Spectrasonics Omnisphere 2.1.0d Update ONLY + Library UPDATE/Spec.OMNI.210d.WIN.MAC/Omnisphere_Patch_Library_Update_2_1_0d/Windows	E:\Programs\Spectrasonics Omnisphere 2.1.0d Update ONLY + Library UPDATE\Spec.OMNI.210d.WIN.MAC\Omnisphere_Patch_Library_Update_2_1_0d\Windows	0	0	0	0	0	1
/mnt/storage/Programs/Spectrasonics Omnisphere 2.1.0d Update ONLY + Library UPDATE/Spec.OMNI.210d.WIN.MAC/Spectrasonics.Omnisphere.v2.0.Patch.and.Keygen.Only-R2R/EXTRACTED	E:\Programs\Spectrasonics Omnisphere 2.1.0d Update ONLY + Library UPDATE\Spec.OMNI.210d.WIN.MAC\Spectrasonics.Omnisphere.v2.0.Patch.and.Keygen.Only-R2R\EXTRACTED	0	0	0	0	0	2
/mnt/storage/Programs/Spectrasonics Omnisphere v2 0 VSTi RTAS AU HYBRID DVDR -DYNAMiCS/DVD-1/EXTRACTED/Step 1 - Installer	E:\Programs\Spectrasonics Omnisphere v2 0 VSTi RTAS AU HYBRID DVDR -DYNAMiCS\DVD-1\EXTRACTED\Step 1 - Installer	0	0	0	0	0	2
/mnt/storage/Programs/Spectrasonics Omnisphere v2 0 VSTi RTAS AU HYBRID DVDR -DYNAMiCS/DVD-1/EXTRACTED/Step 2 - Data Updater	E:\Programs\Spectrasonics Omnisphere v2 0 VSTi RTAS AU HYBRID DVDR -DYNAMiCS\DVD-1\EXTRACTED\Step 2 - Data Updater	0	0	0	0	0	27
/mnt/storage/Programs/Spectrasonics Omnisphere v2 0 VSTi RTAS AU HYBRID DVDR -DYNAMiCS/DVD-1/EXTRACTED/Step 3 - For Trilian Users	E:\Programs\Spectrasonics Omnisphere v2 0 VSTi RTAS AU HYBRID DVDR -DYNAMiCS\DVD-1\EXTRACTED\Step 3 - For Trilian Users	0	0	0	0	0	8
/mnt/storage/Programs/Spectrasonics Omnisphere v2 0 VSTi RTAS AU HYBRID DVDR -DYNAMiCS/DVD-1/EXTRACTED/Step 4 - For Moog Tribute Users	E:\Programs\Spectrasonics Omnisphere v2 0 VSTi RTAS AU HYBRID DVDR -DYNAMiCS\DVD-1\EXTRACTED\Step 4 - For Moog Tribute Users	0	0	0	0	0	5
/mnt/storage/Programs/TSE Audio X50 v2.0.0 WiN MacOSX Incl. Keygen-R2R/TSE.Audio.X50.v2.0.0.Incl.Keygen-R2R/TSE_X50_v2.0_WIN32/__MACOSX	E:\Programs\TSE Audio X50 v2.0.0 WiN MacOSX Incl. Keygen-R2R\TSE.Audio.X50.v2.0.0.Incl.Keygen-R2R\TSE_X50_v2.0_WIN32\__MACOSX	0	0	0	0	0	1
/mnt/storage/Programs/TSE Audio X50 v2.0.0 WiN MacOSX Incl. Keygen-R2R/TSE.Audio.X50.v2.0.0.Incl.Keygen-R2R/TSE_X50_v2.0_WIN64/__MACOSX	E:\Programs\TSE Audio X50 v2.0.0 WiN MacOSX Incl. Keygen-R2R\TSE.Audio.X50.v2.0.0.Incl.Keygen-R2R\TSE_X50_v2.0_WIN64\__MACOSX	0	0	0	0	0	1
/mnt/storage/Programs/VST Synth Plugins Pack part1 [PAZ]/Acid.Milch.And.Honig.Acid.Rack.VSTi.v2.0.Incl.Keygen-ASSiGN/Important !!!/Important !!!	E:\Programs\VST Synth Plugins Pack part1 [PAZ]\Acid.Milch.And.Honig.Acid.Rack.VSTi.v2.0.Incl.Keygen-ASSiGN\Important !!!\Important !!!	0	0	0	0	0	6
/mnt/storage/Programs/VST Synth Plugins Pack part1 [PAZ]/Arturia.Minimoog-V.Original.v1.5.3.Incl.Keygen-R2R/Important !!!/Important !!!	E:\Programs\VST Synth Plugins Pack part1 [PAZ]\Arturia.Minimoog-V.Original.v1.5.3.Incl.Keygen-R2R\Important !!!\Important !!!	0	0	0	0	0	6
/mnt/storage/Programs/VST Synth Plugins Pack part1 [PAZ]/Arturia.Minimoog-V.Original.v1.5.3.Incl.Keygen-R2R/r2r-0742/R2R	E:\Programs\VST Synth Plugins Pack part1 [PAZ]\Arturia.Minimoog-V.Original.v1.5.3.Incl.Keygen-R2R\r2r-0742\R2R	0	0	0	0	0	2
/mnt/storage/Programs/VST Synth Plugins Pack part1 [PAZ]/Audio.Damage.Phosphor.v1.0-Win_MAC_Proaudiozone.info/Important !!!/Important !!!	E:\Programs\VST Synth Plugins Pack part1 [PAZ]\Audio.Damage.Phosphor.v1.0-Win_MAC_Proaudiozone.info\Important !!!\Important !!!	0	0	0	0	0	6
/mnt/storage/Programs/VST Synth Plugins Pack part1 [PAZ]/Eisenberg.Einklang.v1.0.3-R2R/Important !!!/Important !!!	E:\Programs\VST Synth Plugins Pack part1 [PAZ]\Eisenberg.Einklang.v1.0.3-R2R\Important !!!\Important !!!	0	0	0	0	0	6
/mnt/storage/Programs/VST Synth Plugins Pack part1 [PAZ]/GForce.Software.ImpOSCar2.v2.0.2.WIN/Important !!!/Important !!!	E:\Programs\VST Synth Plugins Pack part1 [PAZ]\GForce.Software.ImpOSCar2.v2.0.2.WIN\Important !!!\Important !!!	0	0	0	0	0	6
/mnt/storage/Programs/VST Synth Plugins Pack part1 [PAZ]/LennarDigital.Sylenth1.v2.21.x86.x64/Important !!!/Important !!!	E:\Programs\VST Synth Plugins Pack part1 [PAZ]\LennarDigital.Sylenth1.v2.21.x86.x64\Important !!!\Important !!!	0	0	0	0	0	6
/mnt/storage/Programs/VST Synth Plugins Pack part1 [PAZ]/LennarDigital.Sylenth1.v2.21.x86.x64.READ.NFO-iDONTKNOWHO/Important !!!/Important !!!	E:\Programs\VST Synth Plugins Pack part1 [PAZ]\LennarDigital.Sylenth1.v2.21.x86.x64.READ.NFO-iDONTKNOWHO\Important !!!\Important !!!	0	0	0	0	0	6
/mnt/storage/Programs/VST Synth Plugins Pack part2 [PAZ]/TAL-U-NO-LX.v2.26.AU-win_MAC/Important !!!/Important !!!	E:\Programs\VST Synth Plugins Pack part2 [PAZ]\TAL-U-NO-LX.v2.26.AU-win_MAC\Important !!!\Important !!!	0	0	0	0	0	6
/mnt/storage/Programs/VST Synth Plugins Pack part2 [PAZ]/TAL-U-NO-LX.v2.26.AU-win_MAC/TAL-U-NO-LX.v2.26-R2R_WiN/r2r-0945	E:\Programs\VST Synth Plugins Pack part2 [PAZ]\TAL-U-NO-LX.v2.26.AU-win_MAC\TAL-U-NO-LX.v2.26-R2R_WiN\r2r-0945	0	0	0	0	0	1
/mnt/storage/Programs/VST Synth Plugins Pack part2 [PAZ]/Togu Audio Line TAL-BassLine-101 v1.04 x86 x64-CHAOS/Important !!!/Important !!!	E:\Programs\VST Synth Plugins Pack part2 [PAZ]\Togu Audio Line TAL-BassLine-101 v1.04 x86 x64-CHAOS\Important !!!\Important !!!	0	0	0	0	0	6
/mnt/storage/Programs/VST Synth Plugins Pack part2 [PAZ]/Togu Audio Line TAL-BassLine-101 v1.04 x86 x64-CHAOS/Patch/x64	E:\Programs\VST Synth Plugins Pack part2 [PAZ]\Togu Audio Line TAL-BassLine-101 v1.04 x86 x64-CHAOS\Patch\x64	0	0	0	0	1	1
/mnt/storage/Programs/VST Synth Plugins Pack part2 [PAZ]/Togu Audio Line TAL-BassLine-101 v1.04 x86 x64-CHAOS/Patch/x86	E:\Programs\VST Synth Plugins Pack part2 [PAZ]\Togu Audio Line TAL-BassLine-101 v1.04 x86 x64-CHAOS\Patch\x86	0	0	0	0	1	1
/mnt/storage/Programs/VST Synth Plugins Pack part2 [PAZ]/Togu.Audio.Line.TAL-BassLine-101.v1.11.Incl.Keygen-R2R/r2r-1053/R2R	E:\Programs\VST Synth Plugins Pack part2 [PAZ]\Togu.Audio.Line.TAL-BassLine-101.v1.11.Incl.Keygen-R2R\r2r-1053\R2R	0	0	0	0	0	2
/mnt/storage/Programs/VST Synth Plugins Pack part2 [PAZ]/Tone2.RayBlaster.v1.0.1-mac_WiN/Important !!!/Important !!!	E:\Programs\VST Synth Plugins Pack part2 [PAZ]\Tone2.RayBlaster.v1.0.1-mac_WiN\Important !!!\Important !!!	0	0	0	0	0	6
/mnt/storage/Programs/VST Synth Plugins Pack part2 [PAZ]/Tone2.RayBlaster.v1.0.1-mac_WiN/Tone2.Saurus.v1.1-DOA_MAC/Support me	E:\Programs\VST Synth Plugins Pack part2 [PAZ]\Tone2.RayBlaster.v1.0.1-mac_WiN\Tone2.Saurus.v1.1-DOA_MAC\Support me	0	0	0	0	0	5
/mnt/storage/Programs/VST Synth Plugins Pack part2 [PAZ]/Tone2.Saurus.v1.1-DOA_WiN/Important !!!/Important !!!	E:\Programs\VST Synth Plugins Pack part2 [PAZ]\Tone2.Saurus.v1.1-DOA_WiN\Important !!!\Important !!!	0	0	0	0	0	6
/mnt/storage/Programs/VST Synth Plugins Pack part2 [PAZ]/XILS-lab.Oxium.v1.5.0.PROPER-CHAOS_WiN/chs-1309/Patch	E:\Programs\VST Synth Plugins Pack part2 [PAZ]\XILS-lab.Oxium.v1.5.0.PROPER-CHAOS_WiN\chs-1309\Patch	0	0	0	0	3	3
/mnt/storage/Programs/VST Synth Plugins Pack part2 [PAZ]/XILS-lab.Oxium.v1.5.0.PROPER-CHAOS_WiN/Important !!!/Important !!!	E:\Programs\VST Synth Plugins Pack part2 [PAZ]\XILS-lab.Oxium.v1.5.0.PROPER-CHAOS_WiN\Important !!!\Important !!!	0	0	0	0	0	6
/mnt/storage/Programs/VST Synth Plugins Pack part2 [PAZ]/Z3TA.Plus.2.v2.1-WIN/Important !!!/Important !!!	E:\Programs\VST Synth Plugins Pack part2 [PAZ]\Z3TA.Plus.2.v2.1-WIN\Important !!!\Important !!!	0	0	0	0	0	6
/mnt/storage/Programs/VST Synth Plugins Pack part2 [PAZ]/Z3TA.Plus.2.v2.1-WIN/Z3TA.Plus.v2.1.1-AiR_MAC/Support me	E:\Programs\VST Synth Plugins Pack part2 [PAZ]\Z3TA.Plus.2.v2.1-WIN\Z3TA.Plus.v2.1.1-AiR_MAC\Support me	0	0	0	0	0	5
/mnt/storage/Programs/VST Synth Plugins Pack part3 [PAZ]/Native Instruments Razor.v1.3.0-R2R/Important !!!/Important !!!	E:\Programs\VST Synth Plugins Pack part3 [PAZ]\Native Instruments Razor.v1.3.0-R2R\Important !!!\Important !!!	0	0	0	0	0	6
/mnt/storage/Programs/VST Synth Plugins Pack part3 [PAZ]/New Sonic Arts Granite v1.4.01-R2R/Important !!!/Important !!!	E:\Programs\VST Synth Plugins Pack part3 [PAZ]\New Sonic Arts Granite v1.4.01-R2R\Important !!!\Important !!!	0	0	0	0	0	6
/mnt/storage/Programs/VST Synth Plugins Pack part3 [PAZ]/New Sonic Arts Nuance v1.1.04-R2R/Important !!!/Important !!!	E:\Programs\VST Synth Plugins Pack part3 [PAZ]\New Sonic Arts Nuance v1.1.04-R2R\Important !!!\Important !!!	0	0	0	0	0	6
/mnt/storage/Programs/VST Synth Plugins Pack part3 [PAZ]/Psychic.Modulation.Phonec.v1.3-R2R/Important !!!/Important !!!	E:\Programs\VST Synth Plugins Pack part3 [PAZ]\Psychic.Modulation.Phonec.v1.3-R2R\Important !!!\Important !!!	0	0	0	0	0	6
/mnt/storage/Programs/VST Synth Plugins Pack part3 [PAZ]/Reveal.Sound.Spire.v0.9.14-R2R/Important !!!/Important !!!	E:\Programs\VST Synth Plugins Pack part3 [PAZ]\Reveal.Sound.Spire.v0.9.14-R2R\Important !!!\Important !!!	0	0	0	0	0	6
/mnt/storage/Programs/VST Synth Plugins Pack part3 [PAZ]/Sonic.Charge.Synplant.v1.0.1 WiN/Important !!!/Important !!!	E:\Programs\VST Synth Plugins Pack part3 [PAZ]\Sonic.Charge.Synplant.v1.0.1 WiN\Important !!!\Important !!!	0	0	0	0	0	6
/mnt/storage/Programs/VST Synth Plugins Pack part3 [PAZ]/SynthMaster.BE.Edition-win/Important !!!/Important !!!	E:\Programs\VST Synth Plugins Pack part3 [PAZ]\SynthMaster.BE.Edition-win\Important !!!\Important !!!	0	0	0	0	0	6
/mnt/storage/Programs/VST Synth Plugins Pack part3 [PAZ]/SynthMaster.BE.Edition-win/SynthMaster.BE.Edition_WiN/Bonus_Presets_CPS	E:\Programs\VST Synth Plugins Pack part3 [PAZ]\SynthMaster.BE.Edition-win\SynthMaster.BE.Edition_WiN\Bonus_Presets_CPS	0	0	0	0	0	50
/mnt/storage/Programs/VST Synth Plugins Pack part3 [PAZ]/SynthMaster.BE.Edition-win/SynthMaster.BE.Edition_WiN/Support me	E:\Programs\VST Synth Plugins Pack part3 [PAZ]\SynthMaster.BE.Edition-win\SynthMaster.BE.Edition_WiN\Support me	0	0	0	0	0	5
/mnt/storage/Programs/VST Synth Plugins Pack part3 [PAZ]/SynthMaster.v2.5.3.112-ASSiGN_WiN/Important !!!/Important !!!	E:\Programs\VST Synth Plugins Pack part3 [PAZ]\SynthMaster.v2.5.3.112-ASSiGN_WiN\Important !!!\Important !!!	0	0	0	0	0	6
/mnt/storage/Programs/Win10proNx64/ESD-USB/boot/en-us	E:\Programs\Win10proNx64\ESD-USB\boot\en-us	0	0	0	0	0	1
/mnt/storage/Programs/Win10proNx64/ESD-USB/boot/fonts	E:\Programs\Win10proNx64\ESD-USB\boot\fonts	0	0	0	0	0	16
/mnt/storage/Programs/Win10proNx64/ESD-USB/boot/resources	E:\Programs\Win10proNx64\ESD-USB\boot\resources	0	0	0	0	1	1
/mnt/storage/Programs/Win10proNx64/ESD-USB/efi/boot	E:\Programs\Win10proNx64\ESD-USB\efi\boot	0	0	0	0	0	1
/mnt/storage/Programs/Win10proNx64/ESD-USB/efi/microsoft	E:\Programs\Win10proNx64\ESD-USB\efi\microsoft	0	0	0	0	1	23
/mnt/storage/Programs/Win10proNx64/ESD-USB/sources/dlmanifests	E:\Programs\Win10proNx64\ESD-USB\sources\dlmanifests	0	0	0	0	38	303
/mnt/storage/Programs/Win10proNx64/ESD-USB/sources/en-us	E:\Programs\Win10proNx64\ESD-USB\sources\en-us	0	0	0	0	0	53
/mnt/storage/Programs/Win10proNx64/ESD-USB/sources/etwproviders	E:\Programs\Win10proNx64\ESD-USB\sources\etwproviders	0	0	0	0	10	21
/mnt/storage/Programs/Win10proNx64/ESD-USB/sources/inf	E:\Programs\Win10proNx64\ESD-USB\sources\inf	0	0	0	0	0	1
/mnt/storage/Programs/Win10proNx64/ESD-USB/sources/migration	E:\Programs\Win10proNx64\ESD-USB\sources\migration	0	0	0	0	0	15
/mnt/storage/Programs/Win10proNx64/ESD-USB/sources/replacementmanifests	E:\Programs\Win10proNx64\ESD-USB\sources\replacementmanifests	0	0	0	0	36	293
/mnt/storage/Programs/Win10proNx64/ESD-USB/sources/sxs	E:\Programs\Win10proNx64\ESD-USB\sources\sxs	0	0	0	0	0	1
/mnt/storage/Programs/Win10proNx64/ESD-USB/sources/vista	E:\Programs\Win10proNx64\ESD-USB\sources\vista	0	0	0	0	1	1
/mnt/storage/Programs/Win10proNx64/ESD-USB/sources/xp	E:\Programs\Win10proNx64\ESD-USB\sources\xp	0	0	0	0	1	1
/mnt/storage/Programs/Win10proNx64/ESD-USB/support/logging	E:\Programs\Win10proNx64\ESD-USB\support\logging	0	0	0	0	10	31
/mnt/storage/Programs/Windows + Office + Drivers/( prenosnik ) DRIVERS FOR WINXP/01 Audio/Config	E:\Programs\Windows + Office + Drivers\( prenosnik ) DRIVERS FOR WINXP\01 Audio\Config	0	0	0	0	0	0
/mnt/storage/Programs/Windows + Office + Drivers/( prenosnik ) DRIVERS FOR WINXP/01 Audio/MSHDQFE	E:\Programs\Windows + Office + Drivers\( prenosnik ) DRIVERS FOR WINXP\01 Audio\MSHDQFE	0	0	0	0	0	4
/mnt/storage/Programs/Windows + Office + Drivers/( prenosnik ) DRIVERS FOR WINXP/01 Audio/WDM	E:\Programs\Windows + Office + Drivers\( prenosnik ) DRIVERS FOR WINXP\01 Audio\WDM	0	0	0	0	2	44
/mnt/storage/Programs/Windows + Office + Drivers/( prenosnik ) DRIVERS FOR WINXP/06 SM bus/All	E:\Programs\Windows + Office + Drivers\( prenosnik ) DRIVERS FOR WINXP\06 SM bus\All	0	0	0	0	0	84
/mnt/storage/Programs/Windows + Office + Drivers/( prenosnik ) DRIVERS FOR WINXP/06 SM bus/Lang	E:\Programs\Windows + Office + Drivers\( prenosnik ) DRIVERS FOR WINXP\06 SM bus\Lang	0	0	0	0	25	53
/mnt/storage/Programs/Windows + Office + Drivers/( prenosnik ) DRIVERS FOR WINXP/06 SM bus/Vista	E:\Programs\Windows + Office + Drivers\( prenosnik ) DRIVERS FOR WINXP\06 SM bus\Vista	0	0	0	0	0	55
/mnt/storage/Programs/Windows + Office + Drivers/( prenosnik ) DRIVERS FOR WINXP/06 SM bus/x64	E:\Programs\Windows + Office + Drivers\( prenosnik ) DRIVERS FOR WINXP\06 SM bus\x64	0	0	0	0	1	2
/mnt/storage/Programs/Windows + Office + Drivers/Kelc RAC/abitsata_v1.33/intel	E:\Programs\Windows + Office + Drivers\Kelc RAC\abitsata_v1.33\intel	0	0	0	0	0	6
/mnt/storage/Programs/Windows + Office + Drivers/Kelc RAC/abitsata_v1.33/SATA_DriverDisk_V1.33	E:\Programs\Windows + Office + Drivers\Kelc RAC\abitsata_v1.33\SATA_DriverDisk_V1.33	0	0	0	0	0	0
/mnt/storage/Programs/Windows + Office + Drivers/Kelc RAC/abitsata_v1.33/silicon	E:\Programs\Windows + Office + Drivers\Kelc RAC\abitsata_v1.33\silicon	0	0	0	0	0	15
/mnt/storage/Programs/Windows + Office + Drivers/Kelc RAC/abitsata_v1.33/via	E:\Programs\Windows + Office + Drivers\Kelc RAC\abitsata_v1.33\via	0	0	0	0	0	10
/mnt/storage/Programs/Windows + Office + Drivers/WinSetupFromUSB/files/DPMS	E:\Programs\Windows + Office + Drivers\WinSetupFromUSB\files\DPMS	0	0	0	0	0	4
/mnt/storage/Programs/Windows + Office + Drivers/WinSetupFromUSB/files/grub4dos	E:\Programs\Windows + Office + Drivers\WinSetupFromUSB\files\grub4dos	0	0	0	0	0	25
/mnt/storage/Programs/Windows + Office + Drivers/WinSetupFromUSB/files/imdisk	E:\Programs\Windows + Office + Drivers\WinSetupFromUSB\files\imdisk	0	0	0	0	9	33
/mnt/storage/Programs/Windows + Office + Drivers/WinSetupFromUSB/files/MULTIpartitionUSBstick	E:\Programs\Windows + Office + Drivers\WinSetupFromUSB\files\MULTIpartitionUSBstick	0	0	0	0	0	7
/mnt/storage/Programs/Windows + Office + Drivers/WinSetupFromUSB/files/syslinux	E:\Programs\Windows + Office + Drivers\WinSetupFromUSB\files\syslinux	0	0	0	0	0	61
/mnt/storage/Programs/Windows + Office + Drivers/WinSetupFromUSB/files/tools	E:\Programs\Windows + Office + Drivers\WinSetupFromUSB\files\tools	0	0	0	0	7	218
/mnt/storage/Programs/Windows + Office + Drivers/WinSetupFromUSB/files/wimlib	E:\Programs\Windows + Office + Drivers\WinSetupFromUSB\files\wimlib	0	0	0	0	5	38
/mnt/storage/Programs/Windows + Office + Drivers/WinSetupFromUSB/files/winsetup	E:\Programs\Windows + Office + Drivers\WinSetupFromUSB\files\winsetup	0	0	0	0	0	87
/mnt/storage/Programs/Windows + Office + Drivers/WinXP-BE/I386/ASMS	E:\Programs\Windows + Office + Drivers\WinXP-BE\I386\ASMS	0	0	0	0	0	51
/mnt/storage/Programs/Windows + Office + Drivers/WinXP-BE/I386/COMPDATA	E:\Programs\Windows + Office + Drivers\WinXP-BE\I386\COMPDATA	0	0	0	0	0	663
/mnt/storage/Programs/Windows + Office + Drivers/WinXP-BE/I386/DRW	E:\Programs\Windows + Office + Drivers\WinXP-BE\I386\DRW	0	0	0	0	2	3
/mnt/storage/Programs/Windows + Office + Drivers/WinXP-BE/I386/LANG	E:\Programs\Windows + Office + Drivers\WinXP-BE\I386\LANG	0	0	0	0	0	217
/mnt/storage/Programs/Windows + Office + Drivers/WinXP-BE/I386/SVCPACK	E:\Programs\Windows + Office + Drivers\WinXP-BE\I386\SVCPACK	0	0	0	0	0	295
/mnt/storage/Programs/Windows + Office + Drivers/WinXP-BE/I386/SYSTEM32	E:\Programs\Windows + Office + Drivers\WinXP-BE\I386\SYSTEM32	0	0	0	0	1	2
/mnt/storage/Programs/Windows + Office + Drivers/WinXP-BE/I386/WINNTUPG	E:\Programs\Windows + Office + Drivers\WinXP-BE\I386\WINNTUPG	0	0	0	0	25	49
/mnt/storage/Programs/Windows + Office + Drivers/WinXP-BE/OEM/bin	E:\Programs\Windows + Office + Drivers\WinXP-BE\OEM\bin	0	0	0	0	1	5
/mnt/storage/Programs/Windows + Office + Drivers/WinXP-BE/OEM/RunOnce	E:\Programs\Windows + Office + Drivers\WinXP-BE\OEM\RunOnce	0	0	0	0	1	66
/mnt/storage/Programs/Windows + Office + Drivers/WinXP-BE/OEM/WINXPPx86BE	E:\Programs\Windows + Office + Drivers\WinXP-BE\OEM\WINXPPx86BE	0	0	0	0	0	6
/mnt/storage/Programs/Windows + Office + Drivers/WinXP-BE/SUPPORT/TOOLS	E:\Programs\Windows + Office + Drivers\WinXP-BE\SUPPORT\TOOLS	0	0	0	0	0	2
